-- Adminer 4.7.5 MySQL dump

SET NAMES utf8;
SET time_zone = '+00:00';
SET foreign_key_checks = 0;
SET sql_mode = 'NO_AUTO_VALUE_ON_ZERO';

DROP TABLE IF EXISTS `estado_targ`;
CREATE TABLE `estado_targ` (
  `id` int(11) NOT NULL AUTO_INCREMENT,
  `estado` varchar(100) NOT NULL,
  `descripcion` varchar(100) NOT NULL,
  `estatus_id` int(11) NOT NULL,
  PRIMARY KEY (`id`),
  KEY `estatus_id` (`estatus_id`),
  CONSTRAINT `estado_targ_ibfk_1` FOREIGN KEY (`estatus_id`) REFERENCES `estatus` (`id`)
) ENGINE=InnoDB AUTO_INCREMENT=6 DEFAULT CHARSET=utf8;

INSERT INTO `estado_targ` (`id`, `estado`, `descripcion`, `estatus_id`) VALUES
(1,	'Disponible',	'Tarjeta activa',	1),
(2,	'Proceso',	'Tarjeta en proceso ',	1),
(3,	'Pagada',	'Tarjeta pagada',	1),
(4,	'Bloqueada',	'Tarjeta bloqueada',	1),
(5,	'Elimininado',	'proceso eliminado',	1)
ON DUPLICATE KEY UPDATE `id` = VALUES(`id`), `estado` = VALUES(`estado`), `descripcion` = VALUES(`descripcion`), `estatus_id` = VALUES(`estatus_id`);

DROP TABLE IF EXISTS `estatus`;
CREATE TABLE `estatus` (
  `id` int(11) NOT NULL AUTO_INCREMENT,
  `descripcion` varchar(60) NOT NULL,
  PRIMARY KEY (`id`)
) ENGINE=InnoDB AUTO_INCREMENT=3 DEFAULT CHARSET=utf8;

INSERT INTO `estatus` (`id`, `descripcion`) VALUES
(1,	'activo'),
(2,	'eliminado')
ON DUPLICATE KEY UPDATE `id` = VALUES(`id`), `descripcion` = VALUES(`descripcion`);

DROP TABLE IF EXISTS `monto`;
CREATE TABLE `monto` (
  `id` int(11) NOT NULL AUTO_INCREMENT,
  `monto` int(11) NOT NULL,
  `estatus_id` int(11) NOT NULL,
  PRIMARY KEY (`id`)
) ENGINE=InnoDB AUTO_INCREMENT=4 DEFAULT CHARSET=utf8;

INSERT INTO `monto` (`id`, `monto`, `estatus_id`) VALUES
(1,	1000,	1),
(2,	2000,	1),
(3,	5000,	1)
ON DUPLICATE KEY UPDATE `id` = VALUES(`id`), `monto` = VALUES(`monto`), `estatus_id` = VALUES(`estatus_id`);

DROP TABLE IF EXISTS `permisos`;
CREATE TABLE `permisos` (
  `id` int(11) NOT NULL AUTO_INCREMENT,
  `permiso` varchar(100) NOT NULL,
  `descripcion` text NOT NULL,
  `estatus` int(11) NOT NULL,
  PRIMARY KEY (`id`),
  KEY `estaper_id` (`estatus`),
  CONSTRAINT `permisos_ibfk_1` FOREIGN KEY (`estatus`) REFERENCES `estatus` (`id`) ON DELETE CASCADE ON UPDATE CASCADE
) ENGINE=InnoDB AUTO_INCREMENT=19 DEFAULT CHARSET=utf8;

INSERT INTO `permisos` (`id`, `permiso`, `descripcion`, `estatus`) VALUES
(2,	'listusu',	'listado de usuarios',	1),
(3,	'regiusu',	'registro de usuarios',	1),
(4,	'listtar',	'listado de tarjetas',	1),
(5,	'listvent',	'listado de ventas',	1),
(6,	'regitar',	'registrar tarjetas',	1),
(7,	'acttarjeta',	'',	1),
(8,	'elitar',	'eliminar tarjeta',	1),
(9,	'regivent',	'registro de ventas',	1),
(16,	'regusu',	'registro de usuario',	1),
(17,	'editusu',	'editar usuario',	1),
(18,	'eliusu',	'eliminar usuario',	1)
ON DUPLICATE KEY UPDATE `id` = VALUES(`id`), `permiso` = VALUES(`permiso`), `descripcion` = VALUES(`descripcion`), `estatus` = VALUES(`estatus`);

DROP TABLE IF EXISTS `roles`;
CREATE TABLE `roles` (
  `id` int(11) NOT NULL AUTO_INCREMENT,
  `rol` varchar(50) NOT NULL,
  `descripcion` varchar(100) NOT NULL,
  `estatusrolid` int(11) NOT NULL,
  PRIMARY KEY (`id`),
  KEY `rolestatusid` (`estatusrolid`),
  CONSTRAINT `roles_ibfk_1` FOREIGN KEY (`estatusrolid`) REFERENCES `estatus` (`id`)
) ENGINE=InnoDB AUTO_INCREMENT=3 DEFAULT CHARSET=utf8;

INSERT INTO `roles` (`id`, `rol`, `descripcion`, `estatusrolid`) VALUES
(1,	'Administrador',	'usuario adminstrador del sistema',	1),
(2,	'Cliente',	'usuario cliente del sistema',	1)
ON DUPLICATE KEY UPDATE `id` = VALUES(`id`), `rol` = VALUES(`rol`), `descripcion` = VALUES(`descripcion`), `estatusrolid` = VALUES(`estatusrolid`);

DROP TABLE IF EXISTS `rol_per`;
CREATE TABLE `rol_per` (
  `id` int(11) NOT NULL AUTO_INCREMENT,
  `roll_id` int(11) NOT NULL,
  `per_id` int(11) NOT NULL,
  `estatus` int(11) NOT NULL,
  PRIMARY KEY (`id`),
  KEY `estperroll` (`estatus`),
  KEY `roll_id` (`roll_id`),
  KEY `per_id` (`per_id`),
  CONSTRAINT `rol_per_ibfk_2` FOREIGN KEY (`per_id`) REFERENCES `permisos` (`id`) ON DELETE CASCADE ON UPDATE CASCADE,
  CONSTRAINT `rol_per_ibfk_3` FOREIGN KEY (`estatus`) REFERENCES `estatus` (`id`) ON DELETE CASCADE ON UPDATE CASCADE,
  CONSTRAINT `rol_per_ibfk_4` FOREIGN KEY (`roll_id`) REFERENCES `roles` (`id`)
) ENGINE=InnoDB AUTO_INCREMENT=17 DEFAULT CHARSET=utf8;

INSERT INTO `rol_per` (`id`, `roll_id`, `per_id`, `estatus`) VALUES
(1,	1,	2,	1),
(2,	1,	3,	1),
(3,	1,	4,	1),
(4,	1,	5,	1),
(5,	1,	7,	1),
(6,	1,	6,	1),
(7,	1,	8,	1),
(12,	2,	5,	1),
(13,	1,	9,	1),
(14,	1,	3,	1),
(15,	1,	18,	1),
(16,	1,	17,	1)
ON DUPLICATE KEY UPDATE `id` = VALUES(`id`), `roll_id` = VALUES(`roll_id`), `per_id` = VALUES(`per_id`), `estatus` = VALUES(`estatus`);

DROP TABLE IF EXISTS `targetas`;
CREATE TABLE `targetas` (
  `id` int(11) NOT NULL AUTO_INCREMENT,
  `cod_targ` varchar(100) NOT NULL,
  `pin` varchar(100) NOT NULL,
  `precio` int(11) NOT NULL,
  `estado_id` int(11) NOT NULL,
  `estatus_id` int(11) NOT NULL,
  `creacion` timestamp NOT NULL DEFAULT CURRENT_TIMESTAMP ON UPDATE CURRENT_TIMESTAMP,
  PRIMARY KEY (`id`),
  KEY `estado_id` (`estado_id`),
  KEY `estatus_id` (`estatus_id`),
  KEY `precio` (`precio`),
  CONSTRAINT `targetas_ibfk_1` FOREIGN KEY (`estado_id`) REFERENCES `estado_targ` (`id`),
  CONSTRAINT `targetas_ibfk_2` FOREIGN KEY (`estatus_id`) REFERENCES `estatus` (`id`),
  CONSTRAINT `targetas_ibfk_3` FOREIGN KEY (`precio`) REFERENCES `monto` (`id`)
) ENGINE=InnoDB AUTO_INCREMENT=699 DEFAULT CHARSET=utf8;

INSERT INTO `targetas` (`id`, `cod_targ`, `pin`, `precio`, `estado_id`, `estatus_id`, `creacion`) VALUES
(1,	'37591',	'6667233306',	1,	3,	1,	'2019-12-07 15:15:14'),
(2,	'37592',	'6011361433',	1,	3,	1,	'2019-12-01 00:38:46'),
(501,	'37593',	'1228931616',	1,	3,	1,	'2019-12-29 02:29:31'),
(502,	'37594',	'0605488957',	1,	3,	1,	'2019-12-04 01:18:48'),
(503,	'37595',	'6815808826',	1,	3,	1,	'2019-12-23 20:44:07'),
(504,	'37596',	'8441296915',	1,	3,	1,	'2019-12-15 14:23:02'),
(505,	'37597',	'8784865393',	1,	3,	1,	'2019-12-09 14:49:15'),
(506,	'37598',	'4330257373',	1,	3,	1,	'2019-12-21 19:33:02'),
(507,	'37599',	'1861054532',	1,	3,	1,	'2019-12-09 22:04:38'),
(508,	'37600',	'1037553499',	1,	3,	1,	'2019-12-29 02:28:04'),
(509,	'37601',	'6191388036',	1,	3,	1,	'2019-12-10 18:13:57'),
(510,	'37602',	'4475450617',	1,	3,	1,	'2019-12-17 16:02:20'),
(511,	'37603',	'3155442690',	1,	3,	1,	'2019-12-11 00:05:36'),
(512,	'37604',	'8215790597',	1,	3,	1,	'2019-12-24 12:12:05'),
(513,	'37605',	'7756691277',	1,	3,	1,	'2019-12-23 02:27:54'),
(514,	'37606',	'2181698375',	1,	3,	1,	'2019-12-29 02:27:46'),
(515,	'37607',	'6243296468',	1,	3,	1,	'2019-12-29 14:39:47'),
(516,	'37608',	'2641906783',	1,	3,	1,	'2019-12-14 02:38:43'),
(517,	'37609',	'5559549683',	1,	3,	1,	'2019-12-14 03:09:53'),
(518,	'37610',	'1898653251',	1,	3,	1,	'2019-12-29 02:27:11'),
(519,	'37611',	'6486199067',	1,	3,	1,	'2019-12-19 01:52:08'),
(520,	'37612',	'9180160048',	1,	3,	1,	'2019-12-19 14:49:12'),
(521,	'37613',	'8735606204',	1,	3,	1,	'2019-12-29 23:24:13'),
(522,	'37614',	'3266530967',	1,	3,	1,	'2019-12-19 22:51:08'),
(523,	'37615',	'3393876712',	1,	3,	1,	'2019-12-20 00:02:56'),
(524,	'37616',	'2618817645',	1,	3,	1,	'2019-12-20 02:17:00'),
(525,	'37617',	'6128372689',	1,	3,	1,	'2019-12-30 14:33:19'),
(526,	'37618',	'3039313755',	1,	3,	1,	'2019-12-30 17:39:07'),
(527,	'37619',	'3887201851',	1,	3,	1,	'2019-12-27 00:06:13'),
(528,	'37620',	'6156069405',	1,	3,	1,	'2020-01-16 14:11:45'),
(529,	'37621',	'8687093904',	1,	3,	1,	'2020-01-18 00:18:09'),
(530,	'37622',	'9529533965',	1,	3,	1,	'2019-12-27 22:12:13'),
(531,	'37623',	'4863694557',	1,	3,	1,	'2019-12-27 23:20:48'),
(532,	'37624',	'9551910744',	1,	3,	1,	'2019-12-28 00:48:43'),
(533,	'37625',	'6199632044',	1,	3,	1,	'2019-12-28 00:51:05'),
(534,	'37626',	'0916837129',	1,	3,	1,	'2019-12-29 15:31:57'),
(535,	'37627',	'5462706113',	1,	3,	1,	'2019-12-31 13:08:12'),
(536,	'37628',	'6375889924',	1,	5,	1,	'2020-01-13 21:03:32'),
(537,	'37629',	'7475313480',	1,	3,	1,	'2019-12-31 20:13:40'),
(538,	'37630',	'4595832757',	1,	3,	1,	'2019-12-31 21:38:15'),
(539,	'37631',	'9391202177',	1,	3,	1,	'2020-01-18 14:08:42'),
(540,	'37632',	'7755929003',	1,	3,	1,	'2020-01-18 22:23:02'),
(541,	'37633',	'9197353005',	1,	3,	1,	'2020-01-19 01:23:29'),
(542,	'37634',	'1184016219',	1,	3,	1,	'2020-01-02 11:21:16'),
(543,	'37635',	'4505917586',	1,	3,	1,	'2020-01-08 18:04:46'),
(544,	'37636',	'7420367537',	1,	4,	1,	'2019-12-31 23:12:08'),
(545,	'37637',	'4825544323',	1,	3,	1,	'2020-01-01 03:45:54'),
(546,	'37638',	'6579825336',	1,	4,	1,	'2019-12-31 23:12:16'),
(547,	'37639',	'5132860168',	1,	4,	1,	'2019-12-31 23:12:30'),
(548,	'37640',	'4855780683',	1,	3,	1,	'2020-01-08 20:31:31'),
(549,	'37991',	'5497589368',	2,	3,	1,	'2019-12-03 13:59:56'),
(550,	'37992',	'1448725548',	2,	3,	1,	'2019-12-03 17:57:45'),
(551,	'37993',	'5287546016',	2,	3,	1,	'2019-12-24 16:19:38'),
(552,	'37994',	'9747112138',	2,	3,	1,	'2019-12-23 23:40:47'),
(553,	'37995',	'8406141669',	2,	3,	1,	'2019-12-07 18:39:34'),
(554,	'37996',	'3134029799',	2,	3,	1,	'2019-12-29 02:26:24'),
(555,	'37997',	'7470318127',	2,	3,	1,	'2019-12-09 14:37:59'),
(556,	'37998',	'9488769493',	2,	3,	1,	'2019-12-10 12:53:42'),
(557,	'37999',	'4110911014',	2,	3,	1,	'2019-12-11 03:04:18'),
(558,	'38000',	'7338075886',	2,	3,	1,	'2019-12-15 19:51:05'),
(559,	'38001',	'1327478161',	2,	3,	1,	'2019-12-29 02:31:51'),
(560,	'38002',	'2976943478',	2,	3,	1,	'2019-12-29 02:25:56'),
(561,	'38003',	'7269396950',	2,	3,	1,	'2019-12-19 20:37:14'),
(562,	'38004',	'2470411515',	2,	3,	1,	'2019-12-29 02:30:45'),
(563,	'38005',	'4479202796',	2,	3,	1,	'2019-12-14 13:09:56'),
(564,	'38006',	'8181070228',	2,	3,	1,	'2019-12-26 19:33:07'),
(565,	'38007',	'2212943360',	2,	3,	1,	'2019-12-31 12:05:34'),
(566,	'38008',	'3004517297',	2,	3,	1,	'2019-12-24 21:58:35'),
(567,	'38009',	'6132755540',	2,	3,	1,	'2020-01-02 00:51:45'),
(568,	'38010',	'5854721519',	2,	3,	1,	'2019-12-27 01:11:33'),
(569,	'38011',	'6813519131',	2,	3,	1,	'2019-12-28 00:25:02'),
(570,	'38012',	'4692749282',	2,	3,	1,	'2019-12-31 18:23:22'),
(571,	'38013',	'0727049204',	2,	3,	1,	'2019-12-30 21:04:18'),
(572,	'38014',	'4397087920',	2,	3,	1,	'2019-12-31 20:41:01'),
(573,	'38015',	'1518752376',	2,	3,	1,	'2019-12-28 20:28:55'),
(574,	'38016',	'6230363896',	2,	3,	1,	'2020-01-02 20:14:51'),
(575,	'38017',	'4165158657',	2,	3,	1,	'2019-12-31 21:34:13'),
(576,	'38018',	'4416513387',	2,	3,	1,	'2019-12-28 22:36:49'),
(577,	'38019',	'0032781524',	2,	3,	1,	'2019-12-31 23:21:34'),
(578,	'38020',	'5754788244',	2,	3,	1,	'2019-12-31 23:37:25'),
(579,	'38021',	'6906776880',	2,	3,	1,	'2020-01-01 16:32:19'),
(580,	'38022',	'6922580802',	2,	3,	1,	'2020-01-02 16:40:47'),
(581,	'38023',	'5194087316',	2,	3,	1,	'2020-01-03 12:50:11'),
(582,	'38024',	'8099925650',	2,	3,	1,	'2020-01-01 16:53:50'),
(583,	'38025',	'5131813763',	2,	3,	1,	'2020-01-09 22:18:23'),
(584,	'38026',	'2815562958',	2,	3,	1,	'2020-01-03 14:16:13'),
(585,	'38027',	'5974262335',	2,	3,	1,	'2020-01-01 17:04:50'),
(586,	'38028',	'4674738258',	2,	3,	1,	'2020-01-04 00:37:11'),
(587,	'38029',	'8317595623',	2,	3,	1,	'2020-01-04 14:05:54'),
(588,	'38030',	'4908726598',	2,	3,	1,	'2020-01-01 17:13:11'),
(589,	'38031',	'2145154576',	2,	3,	1,	'2019-12-31 13:45:57'),
(590,	'38032',	'8465426792',	2,	3,	1,	'2020-01-01 23:16:23'),
(591,	'38033',	'2663413013',	2,	3,	1,	'2020-01-04 14:34:15'),
(592,	'38034',	'4436685280',	2,	3,	1,	'2020-01-10 16:39:21'),
(593,	'38035',	'5840357390',	2,	3,	1,	'2020-01-04 21:07:34'),
(594,	'38036',	'5969470975',	2,	3,	1,	'2020-01-05 23:05:57'),
(595,	'38037',	'7665309387',	2,	3,	1,	'2020-01-05 23:18:20'),
(596,	'38038',	'9200995419',	2,	3,	1,	'2020-01-13 15:37:51'),
(597,	'38039',	'8768051869',	2,	3,	1,	'2020-01-05 23:20:56'),
(598,	'38040',	'7332290483',	2,	3,	1,	'2020-01-16 17:05:59'),
(599,	'38191',	'6992419665',	3,	3,	1,	'2019-12-24 01:40:12'),
(600,	'38192',	'7541828089',	3,	3,	1,	'2019-12-15 13:23:50'),
(601,	'38193',	'7091978380',	3,	3,	1,	'2019-12-25 01:25:08'),
(602,	'38194',	'9387450750',	3,	3,	1,	'2020-01-10 21:19:32'),
(603,	'38195',	'3652454001',	3,	3,	1,	'2019-12-26 18:01:35'),
(604,	'38196',	'3059716559',	3,	3,	1,	'2019-12-29 02:28:34'),
(605,	'38197',	'7585064628',	3,	3,	1,	'2020-01-19 16:23:15'),
(606,	'38198',	'5312721939',	3,	3,	1,	'2020-01-21 21:32:53'),
(607,	'38199',	'3103044364',	3,	1,	1,	'2020-01-22 02:56:48'),
(608,	'38200',	'5272982830',	3,	1,	1,	'2020-01-01 23:33:48'),
(609,	'38201',	'2862095006',	3,	1,	1,	'2020-01-01 23:33:25'),
(610,	'38202',	'6886457427',	3,	1,	1,	'2020-01-01 23:34:06'),
(611,	'38203',	'5536450332',	3,	3,	1,	'2019-12-31 21:06:19'),
(612,	'38204',	'5380202431',	3,	3,	1,	'2019-12-31 23:50:02'),
(613,	'38205',	'0785871706',	3,	3,	1,	'2020-01-01 02:14:09'),
(614,	'38206',	'7435032288',	3,	1,	1,	'2020-01-01 23:34:12'),
(615,	'38207',	'5331540870',	3,	1,	1,	'2020-01-01 23:33:55'),
(616,	'38208',	'6228344441',	3,	3,	1,	'2020-01-01 23:43:36'),
(617,	'38209',	'2437687393',	3,	1,	1,	'2019-12-01 01:06:04'),
(618,	'38210',	'8091337773',	3,	1,	1,	'2019-12-01 01:06:04'),
(619,	'38211',	'2692841026',	3,	1,	1,	'2019-12-01 01:06:04'),
(620,	'38212',	'8909709472',	3,	1,	1,	'2019-12-01 01:06:04'),
(621,	'38213',	'2226985574',	3,	1,	1,	'2019-12-01 01:06:04'),
(622,	'38214',	'0102417532',	3,	3,	1,	'2019-12-31 18:39:52'),
(623,	'38215',	'4203292130',	3,	1,	1,	'2019-12-01 01:06:05'),
(624,	'37641',	'5999986704',	1,	3,	1,	'2020-01-20 00:43:48'),
(625,	'37642',	'1515674883',	1,	3,	1,	'2020-01-20 19:05:13'),
(626,	'37643',	'2310610097',	1,	3,	1,	'2020-01-21 00:19:07'),
(627,	'37644',	'5458579348',	1,	3,	1,	'2020-01-24 23:25:27'),
(628,	'37645',	'4283233835',	1,	3,	1,	'2020-01-25 19:21:26'),
(629,	'37646',	'0282384294',	1,	1,	1,	'2020-01-09 16:38:08'),
(630,	'37647',	'4805403442',	1,	1,	1,	'2020-01-09 16:38:08'),
(631,	'37648',	'3605235806',	1,	1,	1,	'2020-01-09 16:38:08'),
(632,	'37649',	'2891195802',	1,	1,	1,	'2020-01-09 16:38:08'),
(633,	'37650',	'3976719850',	1,	1,	1,	'2020-01-09 16:38:08'),
(634,	'37651',	'5436662578',	1,	1,	1,	'2020-01-09 16:38:08'),
(635,	'37652',	'0270849440',	1,	1,	1,	'2020-01-09 16:38:08'),
(636,	'37653',	'3826766259',	1,	1,	1,	'2020-01-09 16:38:08'),
(637,	'37654',	'7068972311',	1,	1,	1,	'2020-01-09 16:38:08'),
(638,	'37655',	'4803135791',	1,	1,	1,	'2020-01-09 16:38:08'),
(639,	'37656',	'3303072034',	1,	1,	1,	'2020-01-09 16:38:08'),
(640,	'37657',	'5725210971',	1,	1,	1,	'2020-01-09 16:38:08'),
(641,	'37658',	'7160733615',	1,	1,	1,	'2020-01-09 16:38:08'),
(642,	'37659',	'2187793049',	1,	1,	1,	'2020-01-09 16:38:08'),
(643,	'37660',	'5777584430',	1,	1,	1,	'2020-01-09 16:38:08'),
(644,	'37661',	'8543452797',	1,	1,	1,	'2020-01-09 16:38:08'),
(645,	'37662',	'8783139566',	1,	1,	1,	'2020-01-09 16:38:08'),
(646,	'37663',	'5773122920',	1,	1,	1,	'2020-01-09 16:38:08'),
(647,	'37664',	'8046419912',	1,	1,	1,	'2020-01-09 16:38:08'),
(648,	'37665',	'0327760934',	1,	1,	1,	'2020-01-09 16:38:08'),
(649,	'37666',	'3399140363',	1,	1,	1,	'2020-01-09 16:38:08'),
(650,	'37667',	'6804211248',	1,	1,	1,	'2020-01-09 16:38:08'),
(651,	'37668',	'4984318977',	1,	1,	1,	'2020-01-09 16:38:08'),
(652,	'37669',	'0218312624',	1,	4,	1,	'2020-01-17 14:18:03'),
(653,	'37670',	'8631149082',	1,	1,	1,	'2020-01-09 16:38:08'),
(654,	'37671',	'2026403653',	1,	1,	1,	'2020-01-09 16:38:08'),
(655,	'37672',	'3465294743',	1,	1,	1,	'2020-01-09 16:38:08'),
(656,	'37673',	'3606497177',	1,	1,	1,	'2020-01-09 16:38:08'),
(657,	'37674',	'8886206506',	1,	1,	1,	'2020-01-09 16:38:08'),
(658,	'37675',	'2863922045',	1,	1,	1,	'2020-01-09 16:38:08'),
(659,	'37676',	'6291452841',	1,	1,	1,	'2020-01-09 16:38:08'),
(660,	'37677',	'3154184999',	1,	1,	1,	'2020-01-09 16:38:08'),
(661,	'37678',	'2595514624',	1,	1,	1,	'2020-01-09 16:38:08'),
(662,	'37679',	'9302927097',	1,	1,	1,	'2020-01-09 16:38:08'),
(663,	'37680',	'9557909174',	1,	1,	1,	'2020-01-09 16:38:09'),
(664,	'37681',	'6550472982',	1,	1,	1,	'2020-01-09 16:38:09'),
(665,	'37682',	'8419589257',	1,	1,	1,	'2020-01-09 16:38:09'),
(666,	'37683',	'3405259957',	1,	1,	1,	'2020-01-09 16:38:09'),
(667,	'37684',	'9489787785',	1,	1,	1,	'2020-01-09 16:38:09'),
(668,	'37685',	'1458082913',	1,	1,	1,	'2020-01-09 16:38:09'),
(669,	'37686',	'0225356424',	1,	1,	1,	'2020-01-09 16:38:09'),
(670,	'37687',	'7032057230',	1,	1,	1,	'2020-01-09 16:38:09'),
(671,	'37688',	'4477203090',	1,	1,	1,	'2020-01-09 16:38:09'),
(672,	'37689',	'4691488784',	1,	1,	1,	'2020-01-09 16:38:09'),
(673,	'37690',	'2564508346',	1,	1,	1,	'2020-01-09 16:38:09'),
(674,	'38041',	'6855829740',	2,	3,	1,	'2020-01-20 16:27:59'),
(675,	'38042',	'4836460405',	2,	3,	1,	'2020-01-21 11:21:01'),
(676,	'38043',	'1081154420',	2,	3,	1,	'2020-01-22 12:43:34'),
(677,	'38044',	'9544210282',	2,	3,	1,	'2020-01-22 22:54:31'),
(678,	'38045',	'2160839781',	2,	1,	1,	'2020-01-11 23:00:07'),
(679,	'38046',	'3179052292',	2,	1,	1,	'2020-01-11 23:00:07'),
(680,	'38047',	'2727317889',	2,	1,	1,	'2020-01-11 23:00:07'),
(681,	'38048',	'5931527264',	2,	1,	1,	'2020-01-11 23:00:08'),
(682,	'38049',	'8390051558',	2,	1,	1,	'2020-01-11 23:00:08'),
(683,	'38050',	'2735269040',	2,	1,	1,	'2020-01-11 23:00:08'),
(684,	'38051',	'4023022196',	2,	1,	1,	'2020-01-11 23:00:08'),
(685,	'38052',	'8177925740',	2,	1,	1,	'2020-01-11 23:00:08'),
(686,	'38053',	'5283898137',	2,	1,	1,	'2020-01-11 23:00:08'),
(687,	'38054',	'7233857310',	2,	1,	1,	'2020-01-11 23:00:08'),
(688,	'38055',	'6045021916',	2,	1,	1,	'2020-01-11 23:00:08'),
(689,	'38056',	'9257635671',	2,	1,	1,	'2020-01-11 23:00:08'),
(690,	'38057',	'6486553602',	2,	1,	1,	'2020-01-11 23:00:08'),
(691,	'38058',	'2333512091',	2,	1,	1,	'2020-01-11 23:00:08'),
(692,	'38059',	'2602683244',	2,	1,	1,	'2020-01-11 23:00:08'),
(693,	'38060',	'6280746720',	2,	1,	1,	'2020-01-11 23:00:08'),
(694,	'38061',	'1322522415',	2,	1,	1,	'2020-01-11 23:00:08'),
(695,	'38062',	'8351958939',	2,	1,	1,	'2020-01-11 23:00:08'),
(696,	'38063',	'0040790388',	2,	1,	1,	'2020-01-11 23:00:08'),
(697,	'38064',	'1874708759',	2,	1,	1,	'2020-01-11 23:00:08'),
(698,	'38065',	'2310618752',	2,	1,	1,	'2020-01-11 23:00:08')
ON DUPLICATE KEY UPDATE `id` = VALUES(`id`), `cod_targ` = VALUES(`cod_targ`), `pin` = VALUES(`pin`), `precio` = VALUES(`precio`), `estado_id` = VALUES(`estado_id`), `estatus_id` = VALUES(`estatus_id`), `creacion` = VALUES(`creacion`);

DROP TABLE IF EXISTS `testeo_cron`;
CREATE TABLE `testeo_cron` (
  `id` int(11) NOT NULL AUTO_INCREMENT,
  `descripcion` varchar(40) NOT NULL,
  PRIMARY KEY (`id`)
) ENGINE=InnoDB AUTO_INCREMENT=11 DEFAULT CHARSET=latin1;

INSERT INTO `testeo_cron` (`id`, `descripcion`) VALUES
(1,	'HOLA MUNDO'),
(2,	'HOLA MUNDO'),
(3,	'HOLA MUNDO'),
(4,	'HOLA MUNDO'),
(5,	'HOLA MUNDO'),
(6,	'HOLA MUNDO'),
(7,	'HOLA MUNDO'),
(8,	'HOLA MUNDO'),
(9,	'HOLA MUNDO'),
(10,	'HOLA MUNDO')
ON DUPLICATE KEY UPDATE `id` = VALUES(`id`), `descripcion` = VALUES(`descripcion`);

DROP TABLE IF EXISTS `usuarios`;
CREATE TABLE `usuarios` (
  `id` int(11) NOT NULL AUTO_INCREMENT,
  `cedula` varchar(20) DEFAULT NULL,
  `email` varchar(60) NOT NULL,
  `telefono` varchar(50) NOT NULL,
  `contra` varchar(60) NOT NULL,
  `rol_id` int(11) NOT NULL,
  `estatus_id` int(11) NOT NULL,
  PRIMARY KEY (`id`),
  KEY `rol_id` (`rol_id`),
  KEY `estatus_id` (`estatus_id`),
  CONSTRAINT `usuarios_ibfk_1` FOREIGN KEY (`rol_id`) REFERENCES `roles` (`id`),
  CONSTRAINT `usuarios_ibfk_2` FOREIGN KEY (`estatus_id`) REFERENCES `estatus` (`id`)
) ENGINE=InnoDB AUTO_INCREMENT=15 DEFAULT CHARSET=utf8;

INSERT INTO `usuarios` (`id`, `cedula`, `email`, `telefono`, `contra`, `rol_id`, `estatus_id`) VALUES
(1,	'0',	'cliente externo',	'0',	'0',	2,	1),
(10,	'',	'j.uzcategui@digitalmarkrgd.com',	'584247463324',	'q18Drg7nVgjn2QBIBt7wCQ==',	1,	1),
(12,	'',	'clarenas@locutorios.cl',	'00000000',	'c09R+eAAGe/I9CgnpcOQ4g==',	1,	1),
(13,	'26.770.010-9',	'abonos@locutorios.cl',	'965905577',	'c09R+eAAGe/I9CgnpcOQ4g==',	1,	1)
ON DUPLICATE KEY UPDATE `id` = VALUES(`id`), `cedula` = VALUES(`cedula`), `email` = VALUES(`email`), `telefono` = VALUES(`telefono`), `contra` = VALUES(`contra`), `rol_id` = VALUES(`rol_id`), `estatus_id` = VALUES(`estatus_id`);

DROP TABLE IF EXISTS `ventas_frecuentes`;
CREATE TABLE `ventas_frecuentes` (
  `id` int(11) NOT NULL AUTO_INCREMENT,
  `fecha` timestamp NOT NULL DEFAULT CURRENT_TIMESTAMP ON UPDATE CURRENT_TIMESTAMP,
  `telefono` int(60) NOT NULL,
  `id_usu` int(11) NOT NULL,
  `correo` varchar(40) NOT NULL DEFAULT 'abonos@locutorios.cl',
  `correo_cliente` varchar(40) NOT NULL,
  `id_operacion` int(11) NOT NULL,
  `id_targeta` int(11) NOT NULL,
  `estado` int(11) NOT NULL,
  `id_estatus` int(11) NOT NULL,
  `tipo_venta` varchar(15) DEFAULT NULL,
  `mensaje_webpay` text,
  `inicio` timestamp NULL DEFAULT CURRENT_TIMESTAMP,
  `fin` timestamp NULL DEFAULT CURRENT_TIMESTAMP,
  PRIMARY KEY (`id`),
  KEY `id_usu` (`id_usu`),
  KEY `id_targeta` (`id_targeta`),
  KEY `id_estatus` (`id_estatus`),
  KEY `estado` (`estado`),
  CONSTRAINT `ventas_frecuentes_ibfk_1` FOREIGN KEY (`id_usu`) REFERENCES `usuarios` (`id`),
  CONSTRAINT `ventas_frecuentes_ibfk_2` FOREIGN KEY (`id_targeta`) REFERENCES `targetas` (`id`),
  CONSTRAINT `ventas_frecuentes_ibfk_3` FOREIGN KEY (`id_estatus`) REFERENCES `estatus` (`id`),
  CONSTRAINT `ventas_frecuentes_ibfk_4` FOREIGN KEY (`estado`) REFERENCES `estado_targ` (`id`)
) ENGINE=InnoDB AUTO_INCREMENT=433 DEFAULT CHARSET=utf8;

INSERT INTO `ventas_frecuentes` (`id`, `fecha`, `telefono`, `id_usu`, `correo`, `correo_cliente`, `id_operacion`, `id_targeta`, `estado`, `id_estatus`, `tipo_venta`, `mensaje_webpay`, `inicio`, `fin`) VALUES
(45,	'2019-12-29 03:20:17',	963463538,	1,	'pablomolinamunoz4913@gmail.com',	'pablomolinamunoz4913@gmail.com',	888157211,	1,	2,	1,	NULL,	NULL,	'2019-12-29 03:20:17',	'2019-12-29 03:20:17'),
(46,	'2019-12-29 03:07:33',	963463538,	1,	'pablomolinamunoz4913@gmail.com',	'pablomolinamunoz4913@gmail.com',	880602734,	2,	3,	1,	NULL,	NULL,	'2019-12-29 03:07:33',	'2019-12-28 21:54:45'),
(47,	'2019-12-29 03:20:17',	965905577,	1,	'r.gamez@digitalmarkrgd.com',	'r.gamez@digitalmarkrgd.com',	597412476,	1,	2,	1,	NULL,	NULL,	'2019-12-29 03:20:17',	'2019-12-29 03:20:17'),
(48,	'2019-12-29 03:06:45',	996998979,	1,	'lorbelisrodriguez@gmail.com',	'lorbelisrodriguez@gmail.com',	558848602,	549,	3,	1,	NULL,	NULL,	'2019-12-29 03:06:45',	'2019-12-28 21:54:45'),
(49,	'2019-12-29 02:47:17',	2147483647,	1,	'blancadiazgil@hotmail.es',	'blancadiazgil@hotmail.es',	681511043,	501,	5,	1,	NULL,	NULL,	'2019-12-29 02:47:17',	'2019-12-28 21:54:45'),
(50,	'2019-12-29 02:48:36',	996998979,	1,	'lorbelisrodriguez@gmail.com',	'lorbelisrodriguez@gmail.com',	608200847,	550,	3,	1,	NULL,	NULL,	'2019-12-29 02:48:36',	'2019-12-28 21:54:45'),
(51,	'2019-12-29 02:43:49',	987722761,	1,	'betty_martinez20@hotnail.com',	'betty_martinez20@hotnail.com',	518096837,	502,	3,	1,	NULL,	NULL,	'2019-12-29 02:43:49',	'2019-12-28 21:54:45'),
(52,	'2019-12-29 03:20:17',	1212121212,	7,	'abonos@locutorios.cl',	'jesus.evang21@gmail.com',	220084245,	503,	2,	1,	NULL,	NULL,	'2019-12-29 03:20:17',	'2019-12-29 03:20:17'),
(53,	'2019-12-29 03:20:17',	965905577,	1,	'reylander.wgd@gmail.com',	'reylander.wgd@gmail.com',	266993357,	503,	2,	1,	NULL,	NULL,	'2019-12-29 03:20:17',	'2019-12-29 03:20:17'),
(54,	'2019-12-29 03:20:17',	2147483647,	1,	'jorgelsaud@gmail.com',	'jorgelsaud@gmail.com',	3000927,	599,	2,	1,	NULL,	NULL,	'2019-12-29 03:20:17',	'2019-12-29 03:20:17'),
(55,	'2019-12-29 03:20:17',	932842721,	1,	'andres.garcia2150@gmail.com',	'andres.garcia2150@gmail.com',	476795391,	551,	2,	1,	NULL,	NULL,	'2019-12-29 03:20:17',	'2019-12-29 03:20:17'),
(56,	'2019-12-29 03:20:17',	958752349,	1,	'bileidy@gmail.com',	'bileidy@gmail.com',	896172393,	551,	2,	1,	NULL,	NULL,	'2019-12-29 03:20:17',	'2019-12-29 03:20:17'),
(57,	'2019-12-29 03:20:17',	945182014,	1,	'yaneidiz10@gmail.com',	'yaneidiz10@gmail.com',	216840775,	552,	2,	1,	NULL,	NULL,	'2019-12-29 03:20:17',	'2019-12-29 03:20:17'),
(58,	'2019-12-29 03:08:34',	982526019,	1,	'luisanahurtado.cl@gmail.com',	'luisanahurtado.cl@gmail.com',	179757102,	1,	3,	1,	NULL,	NULL,	'2019-12-29 03:08:34',	'2019-12-28 21:54:45'),
(59,	'2019-12-29 02:47:01',	994188315,	1,	'maurigabriela21@gmail.com',	'maurigabriela21@gmail.com',	962031172,	501,	5,	1,	NULL,	NULL,	'2019-12-29 02:47:01',	'2019-12-28 21:54:45'),
(60,	'2019-12-29 03:20:17',	994188315,	1,	'maurigabriela21@gmail.com',	'maurigabriela21@gmail.com',	455065158,	503,	2,	1,	NULL,	NULL,	'2019-12-29 03:20:17',	'2019-12-29 03:20:17'),
(61,	'2019-12-29 03:20:17',	965905577,	1,	'r.gamez@digitalmarkrgd.com',	'r.gamez@digitalmarkrgd.com',	789508396,	504,	2,	1,	NULL,	NULL,	'2019-12-29 03:20:17',	'2019-12-29 03:20:17'),
(62,	'2019-12-29 03:20:17',	958752349,	1,	'bileidy@gmail.com',	'bileidy@gmail.com',	73968996,	551,	2,	1,	NULL,	NULL,	'2019-12-29 03:20:17',	'2019-12-29 03:20:17'),
(63,	'2019-12-29 03:20:17',	958752349,	1,	'bileidy@gmail.com',	'bileidy@gmail.com',	638107415,	552,	2,	1,	NULL,	NULL,	'2019-12-29 03:20:17',	'2019-12-29 03:20:17'),
(64,	'2019-12-29 03:12:22',	958752349,	1,	'bileidy@gmail.com',	'bileidy@gmail.com',	55873833,	553,	3,	1,	NULL,	NULL,	'2019-12-29 03:12:22',	'2019-12-28 21:54:45'),
(65,	'2019-12-29 02:46:53',	972974053,	1,	'liliamtcr2606@gmail.com',	'liliamtcr2606@gmail.com',	759109546,	501,	5,	1,	NULL,	NULL,	'2019-12-29 02:46:53',	'2019-12-28 21:54:45'),
(66,	'2019-12-29 03:20:17',	993889664,	1,	'adrianitaespinoza8@gmail.com',	'adrianitaespinoza8@gmail.com',	415922362,	503,	2,	1,	NULL,	NULL,	'2019-12-29 03:20:17',	'2019-12-29 03:20:17'),
(67,	'2019-12-29 03:20:17',	935087994,	1,	'acevedocindy04@gmail.com',	'acevedocindy04@gmail.com',	568243856,	554,	2,	1,	NULL,	NULL,	'2019-12-29 03:20:17',	'2019-12-29 03:20:17'),
(68,	'2019-12-29 03:20:17',	945448068,	1,	'jeaf1965@gmail.com',	'jeaf1965@gmail.com',	594336819,	504,	2,	1,	NULL,	NULL,	'2019-12-29 03:20:17',	'2019-12-29 03:20:17'),
(69,	'2019-12-29 03:10:34',	933278460,	1,	'oropezaleal@gmail.com',	'oropezaleal@gmail.com',	653440671,	555,	3,	1,	NULL,	NULL,	'2019-12-29 03:10:34',	'2019-12-28 21:54:45'),
(70,	'2019-12-29 03:12:53',	224159306,	1,	'peperosas@gmail.com',	'peperosas@gmail.com',	913683466,	505,	3,	1,	NULL,	NULL,	'2019-12-29 03:12:53',	'2019-12-28 21:54:45'),
(71,	'2019-12-29 03:20:17',	945448068,	1,	'jeaj1965@gmail.com',	'jeaj1965@gmail.com',	104206551,	506,	2,	1,	NULL,	NULL,	'2019-12-29 03:20:17',	'2019-12-29 03:20:17'),
(72,	'2019-12-29 02:49:29',	569729740,	1,	'liliamtcr2606@gmail.com',	'liliamtcr2606@gmail.com',	916597176,	507,	3,	1,	NULL,	NULL,	'2019-12-29 02:49:29',	'2019-12-28 21:54:45'),
(73,	'2019-12-29 02:45:49',	936791174,	1,	'giamontag@gmail.com',	'giamontag@gmail.com',	825675213,	508,	5,	1,	NULL,	NULL,	'2019-12-29 02:45:49',	'2019-12-28 21:54:45'),
(74,	'2019-12-29 03:14:07',	996998979,	1,	'lorbelisrodriguez@gmail.com',	'lorbelisrodriguez@gmail.com',	276338592,	556,	3,	1,	NULL,	NULL,	'2019-12-29 03:14:07',	'2019-12-28 21:54:45'),
(75,	'2019-12-29 03:07:49',	945448068,	1,	'jeaj1965@gmail.com',	'jeaj1965@gmail.com',	438100392,	509,	3,	1,	NULL,	NULL,	'2019-12-29 03:07:49',	'2019-12-28 21:54:45'),
(76,	'2019-12-29 03:20:17',	931339941,	1,	'Yospaokj86@gmail.com',	'Yospaokj86@gmail.com',	853017426,	599,	2,	1,	NULL,	NULL,	'2019-12-29 03:20:17',	'2019-12-29 03:20:17'),
(77,	'2019-12-29 03:20:17',	931339941,	1,	'Yospaokj86@gmail.com',	'Yospaokj86@gmail.com',	84272514,	600,	2,	1,	NULL,	NULL,	'2019-12-29 03:20:17',	'2019-12-29 03:20:17'),
(78,	'2019-12-29 03:20:17',	934964931,	1,	'vicentezozzaro65@gmail.com',	'vicentezozzaro65@gmail.com',	545740080,	510,	2,	1,	NULL,	NULL,	'2019-12-29 03:20:17',	'2019-12-29 03:20:17'),
(79,	'2019-12-29 03:02:41',	934964931,	1,	'vicentezozzaro65@gmail.com',	'vicentezozzaro65@gmail.com',	377983882,	511,	3,	1,	NULL,	NULL,	'2019-12-29 03:02:41',	'2019-12-28 21:54:45'),
(80,	'2019-12-29 03:04:30',	973425892,	1,	'ruby_p70@hotmail.com',	'ruby_p70@hotmail.com',	124249340,	557,	3,	1,	NULL,	NULL,	'2019-12-29 03:04:30',	'2019-12-28 21:54:45'),
(81,	'2019-12-29 03:20:17',	977210874,	1,	'henderosschef@gmail.com',	'henderosschef@gmail.com',	337934426,	600,	2,	1,	NULL,	NULL,	'2019-12-29 03:20:17',	'2019-12-29 03:20:17'),
(82,	'2019-12-29 03:20:17',	973028510,	1,	'roms63@hotmail.com',	'roms63@hotmail.com',	275626310,	558,	2,	1,	NULL,	NULL,	'2019-12-29 03:20:17',	'2019-12-29 03:20:17'),
(83,	'2019-12-29 03:20:17',	963275418,	1,	'carlosbvft@gmail.com',	'carlosbvft@gmail.com',	67859743,	512,	2,	1,	NULL,	NULL,	'2019-12-29 03:20:17',	'2019-12-29 03:20:17'),
(84,	'2019-12-29 03:20:17',	937474756,	1,	'pau.tedeschi@gmail.com',	'pau.tedeschi@gmail.com',	875843312,	601,	2,	1,	NULL,	NULL,	'2019-12-29 03:20:17',	'2019-12-29 03:20:17'),
(85,	'2019-12-29 03:20:17',	937474756,	1,	'pau.tedeschi@gmail.com',	'pau.tedeschi@gmail.com',	775983708,	602,	2,	1,	NULL,	NULL,	'2019-12-29 03:20:17',	'2019-12-29 03:20:17'),
(86,	'2019-12-29 03:20:17',	937474756,	1,	'pau.tedeschi@gmail.com',	'pau.tedeschi@gmail.com',	412739707,	602,	2,	1,	NULL,	NULL,	'2019-12-29 03:20:17',	'2019-12-29 03:20:17'),
(87,	'2019-12-29 03:20:17',	937474756,	1,	'pau.tedeschi@gmail.com',	'pau.tedeschi@gmail.com',	666111164,	602,	2,	1,	NULL,	NULL,	'2019-12-29 03:20:17',	'2019-12-29 03:20:17'),
(88,	'2019-12-29 03:20:17',	937474756,	1,	'pau.tedeschi@gmail.com',	'pau.tedeschi@gmail.com',	929186912,	603,	2,	1,	NULL,	NULL,	'2019-12-29 03:20:17',	'2019-12-29 03:20:17'),
(89,	'2019-12-29 03:01:14',	937474756,	1,	'pau.tedeschi@gmail.com',	'pau.tedeschi@gmail.com',	585566531,	604,	2,	1,	NULL,	NULL,	'2019-12-29 03:01:14',	'2019-12-28 21:54:45'),
(90,	'2019-12-29 02:48:14',	972114766,	1,	'saravaletina 2020..@mago',	'saravaletina 2020..@mago',	587175373,	559,	2,	1,	NULL,	NULL,	'2019-12-29 02:48:14',	'2019-12-28 21:54:45'),
(91,	'2019-12-29 03:20:17',	976526806,	1,	'maneiyersysaleanygutierrez@gmail.com',	'maneiyersysaleanygutierrez@gmail.com',	419893259,	513,	2,	1,	NULL,	NULL,	'2019-12-29 03:20:17',	'2019-12-29 03:20:17'),
(92,	'2019-12-29 03:20:17',	255663390,	1,	'nahirobisbenites@gmail.com',	'nahirobisbenites@gmail.com',	939799367,	605,	2,	1,	NULL,	NULL,	'2019-12-29 03:20:17',	'2019-12-29 03:20:17'),
(93,	'2019-12-29 02:53:48',	965905577,	1,	'r.gamez@digitalmarkrgd.com',	'r.gamez@digitalmarkrgd.com',	327987951,	514,	2,	1,	NULL,	NULL,	'2019-12-29 02:53:48',	'2019-12-28 21:54:45'),
(94,	'2019-12-29 03:20:17',	966019317,	8,	'abonos@locutorios.cl',	'abonos@locutorios.cl',	454496566,	515,	2,	1,	NULL,	NULL,	'2019-12-29 03:20:17',	'2019-12-29 03:20:17'),
(95,	'2019-12-29 03:00:07',	2147483647,	1,	'Jota.gabriel24@gmail.com',	'Jota.gabriel24@gmail.com',	615386603,	560,	2,	1,	NULL,	NULL,	'2019-12-29 03:00:07',	'2019-12-28 21:54:45'),
(96,	'2019-12-29 03:20:17',	948773479,	1,	'contactosoyalexander7@gmail.com',	'contactosoyalexander7@gmail.com',	265166233,	515,	2,	1,	NULL,	NULL,	'2019-12-29 03:20:17',	'2019-12-29 03:20:17'),
(97,	'2019-12-29 02:59:00',	975167013,	1,	'contactosoyalexander7@gmail.com',	'contactosoyalexander7@gmail.com',	689141713,	516,	3,	1,	NULL,	NULL,	'2019-12-29 02:59:00',	'2019-12-28 21:54:45'),
(98,	'2019-12-29 03:07:01',	966616011,	1,	'enderelectromeca@gmail.com',	'enderelectromeca@gmail.com',	461220059,	517,	3,	1,	NULL,	NULL,	'2019-12-29 03:07:01',	'2019-12-28 21:54:45'),
(99,	'2019-12-29 03:00:02',	2147483647,	1,	'bincarter.9@gmail.com',	'bincarter.9@gmail.com',	224294509,	560,	2,	1,	NULL,	NULL,	'2019-12-29 03:00:02',	'2019-12-28 21:54:45'),
(100,	'2019-12-29 03:20:17',	933077180,	1,	'bincarter.9@gmail.com',	'bincarter.9@gmail.com',	885202872,	561,	2,	1,	NULL,	NULL,	'2019-12-29 03:20:17',	'2019-12-29 03:20:17'),
(101,	'2019-12-29 02:51:42',	968610665,	1,	'desirebarreto@gmail.com',	'desirebarreto@gmail.com',	995197237,	518,	5,	1,	NULL,	NULL,	'2019-12-29 02:51:42',	'2019-12-28 21:54:45'),
(102,	'2019-12-29 02:54:30',	968610665,	1,	'desirebarreto@gmail.com',	'desirebarreto@gmail.com',	415298545,	562,	2,	1,	NULL,	NULL,	'2019-12-29 02:54:30',	'2019-12-28 21:54:45'),
(103,	'2019-12-29 03:05:46',	968610665,	1,	'desirebarreto@gmail.com',	'desirebarreto@gmail.com',	904669591,	563,	3,	1,	NULL,	NULL,	'2019-12-29 03:05:46',	'2019-12-28 21:54:45'),
(104,	'2019-12-29 02:46:40',	965905577,	1,	'r.gamez@digitalmarkrgd.com',	'r.gamez@digitalmarkrgd.com',	57333814,	501,	5,	1,	NULL,	NULL,	'2019-12-29 02:46:40',	'2019-12-28 21:54:45'),
(105,	'2019-12-29 03:20:17',	965905577,	1,	'r.gamez@digitalmarkrgd.com',	'r.gamez@digitalmarkrgd.com',	928386755,	599,	2,	1,	NULL,	NULL,	'2019-12-29 03:20:17',	'2019-12-29 03:20:17'),
(106,	'2019-12-29 03:20:17',	5514,	1,	'1998wilcamila@gmail.com',	'1998wilcamila@gmail.com',	970575879,	599,	2,	1,	NULL,	NULL,	'2019-12-29 03:20:17',	'2019-12-29 03:20:17'),
(107,	'2019-12-29 02:46:31',	955396416,	1,	'henrrymora77@gmail.com',	'henrrymora77@gmail.com',	284434444,	501,	2,	1,	NULL,	NULL,	'2019-12-29 02:46:31',	'2019-12-28 21:54:45'),
(108,	'2019-12-29 03:20:17',	947342081,	1,	'emyguillen@gmail.com',	'emyguillen@gmail.com',	566407429,	599,	2,	1,	NULL,	NULL,	'2019-12-29 03:20:17',	'2019-12-29 03:20:17'),
(109,	'2019-12-29 03:10:54',	947342081,	1,	'emyguillen@gmail.com',	'emyguillen@gmail.com',	144341460,	600,	3,	1,	NULL,	NULL,	'2019-12-29 03:10:54',	'2019-12-28 21:54:45'),
(110,	'2019-12-29 03:20:17',	984943031,	1,	'genessisglott@gmail.com',	'genessisglott@gmail.com',	888998177,	503,	2,	1,	NULL,	NULL,	'2019-12-29 03:20:17',	'2019-12-29 03:20:17'),
(111,	'2019-12-29 03:12:40',	2147483647,	1,	'nvolcan@gmail.com',	'nvolcan@gmail.com',	407332659,	504,	3,	1,	NULL,	NULL,	'2019-12-29 03:12:40',	'2019-12-28 21:54:45'),
(112,	'2019-12-29 03:20:17',	963146220,	1,	'nvolcan@gmail.com',	'nvolcan@gmail.com',	934680641,	506,	2,	1,	NULL,	NULL,	'2019-12-29 03:20:17',	'2019-12-29 03:20:17'),
(113,	'2019-12-29 03:20:17',	949523581,	1,	'co2975850@gmail.com',	'co2975850@gmail.com',	930451311,	551,	2,	1,	NULL,	NULL,	'2019-12-29 03:20:17',	'2019-12-29 03:20:17'),
(114,	'2019-12-29 03:20:17',	958452455,	1,	'moralesvaleria22@gmail.com',	'moralesvaleria22@gmail.com',	919974302,	552,	2,	1,	NULL,	NULL,	'2019-12-29 03:20:17',	'2019-12-29 03:20:17'),
(115,	'2019-12-29 03:20:17',	958452455,	1,	'moralesvaleria22@gmail.com',	'moralesvaleria22@gmail.com',	500906082,	554,	2,	1,	NULL,	NULL,	'2019-12-29 03:20:17',	'2019-12-29 03:20:17'),
(116,	'2019-12-29 03:10:21',	936358251,	1,	'carlosfernandomorales49@gmail.com',	'carlosfernandomorales49@gmail.com',	250668555,	558,	3,	1,	NULL,	NULL,	'2019-12-29 03:10:21',	'2019-12-28 21:54:45'),
(117,	'2019-12-29 03:20:17',	416555196,	1,	'waldojure.17@gmail.com',	'waldojure.17@gmail.com',	18757128,	506,	2,	1,	NULL,	NULL,	'2019-12-29 03:20:17',	'2019-12-29 03:20:17'),
(118,	'2019-12-29 02:45:34',	416555196,	1,	'waldojure.17@gmail.com',	'waldojure.17@gmail.com',	976187593,	508,	5,	1,	NULL,	NULL,	'2019-12-29 02:45:34',	'2019-12-28 21:54:45'),
(119,	'2019-12-29 03:20:17',	569309685,	1,	'eduardobetancourt72@gmail.com',	'eduardobetancourt72@gmail.com',	115738772,	601,	2,	1,	NULL,	NULL,	'2019-12-29 03:20:17',	'2019-12-29 03:20:17'),
(120,	'2019-12-29 02:48:05',	963146220,	1,	'nvolcan@gmail.com',	'nvolcan@gmail.com',	982269740,	559,	3,	1,	NULL,	NULL,	'2019-12-29 02:48:05',	'2019-12-28 21:54:45'),
(121,	'2019-12-29 03:20:17',	955203022,	1,	'clarenasf@gmail.com',	'clarenasf@gmail.com',	906966601,	602,	2,	1,	NULL,	NULL,	'2019-12-29 03:20:17',	'2019-12-29 03:20:17'),
(122,	'2019-12-29 03:20:17',	937409222,	1,	'celinamaria22@gmail.com',	'celinamaria22@gmail.com',	160927762,	510,	2,	1,	NULL,	NULL,	'2019-12-29 03:20:17',	'2019-12-29 03:20:17'),
(123,	'2019-12-29 03:05:27',	934202755,	1,	'celinamaria22@gmail.com',	'celinamaria22@gmail.com',	560477803,	510,	3,	1,	NULL,	NULL,	'2019-12-29 03:05:27',	'2019-12-28 21:54:45'),
(124,	'2019-12-29 02:59:54',	948813506,	1,	'joifrengomez@gmail.com',	'joifrengomez@gmail.com',	827379198,	560,	2,	1,	NULL,	NULL,	'2019-12-29 02:59:54',	'2019-12-28 21:54:45'),
(125,	'2019-12-29 03:20:17',	965905577,	1,	'reylander.wgd@gmail.com',	'reylander.wgd@gmail.com',	344416,	512,	2,	1,	NULL,	NULL,	'2019-12-29 03:20:17',	'2019-12-29 03:20:17'),
(126,	'2019-12-29 03:20:17',	977808955,	1,	'freddyflo30@gmail.com',	'freddyflo30@gmail.com',	82616167,	513,	2,	1,	NULL,	NULL,	'2019-12-29 03:20:17',	'2019-12-29 03:20:17'),
(127,	'2019-12-29 03:20:17',	974721495,	1,	'david.vera1417@gmail.com',	'david.vera1417@gmail.com',	266037466,	603,	2,	1,	NULL,	NULL,	'2019-12-29 03:20:17',	'2019-12-29 03:20:17'),
(128,	'2019-12-29 02:53:38',	936206541,	1,	'adanimirandab@gmail.com',	'adanimirandab@gmail.com',	944550536,	514,	2,	1,	NULL,	NULL,	'2019-12-29 02:53:38',	'2019-12-28 21:54:45'),
(129,	'2019-12-29 03:20:17',	973835674,	1,	'labebaedualennys04@hotmail.com',	'labebaedualennys04@hotmail.com',	326947965,	515,	2,	1,	NULL,	NULL,	'2019-12-29 03:20:17',	'2019-12-29 03:20:17'),
(130,	'2019-12-29 02:51:36',	941580724,	1,	'vanessacanelon88@gmail.com',	'vanessacanelon88@gmail.com',	748001462,	518,	5,	1,	NULL,	NULL,	'2019-12-29 02:51:36',	'2019-12-28 21:54:45'),
(131,	'2019-12-29 03:08:14',	975167013,	1,	'contactosoyalexander7@gmail.com',	'contactosoyalexander7@gmail.com',	734884613,	519,	3,	1,	NULL,	NULL,	'2019-12-29 03:08:14',	'2019-12-28 21:54:45'),
(132,	'2019-12-29 03:14:27',	932326400,	1,	'neochenny@gmail.com',	'neochenny@gmail.com',	11844619,	520,	3,	1,	NULL,	NULL,	'2019-12-29 03:14:27',	'2019-12-28 21:54:45'),
(133,	'2019-12-29 03:10:08',	934964931,	1,	'vicentezozzaro65@gmail.com',	'vicentezozzaro65@gmail.com',	839166840,	561,	3,	1,	NULL,	NULL,	'2019-12-29 03:10:08',	'2019-12-28 21:54:45'),
(134,	'2019-12-29 03:20:17',	933868925,	1,	'Ashleysayagoo@gmail.com',	'Ashleysayagoo@gmail.com',	696851351,	521,	2,	1,	NULL,	NULL,	'2019-12-29 03:20:17',	'2019-12-29 03:20:17'),
(135,	'2019-12-29 03:03:00',	930616832,	1,	'mmangac@gmail.com',	'mmangac@gmail.com',	649593490,	522,	3,	1,	NULL,	NULL,	'2019-12-29 03:03:00',	'2019-12-28 21:54:45'),
(136,	'2019-12-29 03:03:23',	2147483647,	1,	'akkira69@hotmail.com',	'akkira69@hotmail.com',	213776087,	523,	3,	1,	NULL,	NULL,	'2019-12-29 03:03:23',	'2019-12-28 21:54:45'),
(137,	'2019-12-29 02:54:23',	966719534,	1,	'cuneno26@gmail.com',	'cuneno26@gmail.com',	676364023,	562,	3,	1,	NULL,	NULL,	'2019-12-29 02:54:23',	'2019-12-28 21:54:45'),
(138,	'2019-12-29 03:20:17',	982451359,	1,	'brendapaolapd@gmail.com',	'brendapaolapd@gmail.com',	845957324,	564,	2,	1,	NULL,	NULL,	'2019-12-29 03:20:17',	'2019-12-29 03:20:17'),
(139,	'2019-12-29 02:55:13',	945781587,	1,	'gilbertgabriel@gmail.com',	'gilbertgabriel@gmail.com',	833422748,	524,	3,	1,	NULL,	NULL,	'2019-12-29 02:55:13',	'2019-12-28 21:54:45'),
(140,	'2019-12-29 03:20:17',	964370524,	1,	'leonardoromerogtz@gmail.com',	'leonardoromerogtz@gmail.com',	280365455,	565,	2,	1,	NULL,	NULL,	'2019-12-29 03:20:17',	'2019-12-29 03:20:17'),
(141,	'2019-12-29 03:20:17',	956288385,	1,	'darp_25@hotmail.com',	'darp_25@hotmail.com',	427327049,	525,	2,	1,	NULL,	NULL,	'2019-12-29 03:20:17',	'2019-12-29 03:20:17'),
(142,	'2019-12-29 03:20:17',	947187678,	1,	'bricenobrahian9@gmail.com',	'bricenobrahian9@gmail.com',	101980330,	526,	2,	1,	NULL,	NULL,	'2019-12-29 03:20:17',	'2019-12-29 03:20:17'),
(143,	'2019-12-29 03:01:05',	955203022,	1,	'clarenasf@gmail.com',	'clarenasf@gmail.com',	788083020,	604,	2,	1,	NULL,	NULL,	'2019-12-29 03:01:05',	'2019-12-28 21:54:45'),
(144,	'2019-12-29 03:20:17',	930510734,	1,	'contacto@huesillosoasis.cl',	'contacto@huesillosoasis.cl',	760660080,	527,	2,	1,	NULL,	NULL,	'2019-12-29 03:20:17',	'2019-12-29 03:20:17'),
(145,	'2019-12-29 02:46:21',	945448068,	1,	'jeaf1965@gmail.com',	'jeaf1965@gmail.com',	434129445,	501,	3,	1,	NULL,	NULL,	'2019-12-29 02:46:21',	'2019-12-28 21:54:45'),
(146,	'2019-12-29 03:20:17',	424642050,	1,	'annielysv88@gmail.com',	'annielysv88@gmail.com',	750268677,	599,	2,	1,	NULL,	NULL,	'2019-12-29 03:20:17',	'2019-12-29 03:20:17'),
(147,	'2019-12-29 03:20:17',	958735509,	1,	'madafep@gmail.com',	'madafep@gmail.com',	425200085,	503,	2,	1,	NULL,	NULL,	'2019-12-29 03:20:17',	'2019-12-29 03:20:17'),
(148,	'2019-12-29 03:04:51',	958735509,	1,	'macabeo.ajr@gmail.com',	'macabeo.ajr@gmail.com',	930810147,	506,	3,	1,	NULL,	NULL,	'2019-12-29 03:04:51',	'2019-12-28 21:54:45'),
(149,	'2019-12-29 03:20:17',	984872986,	1,	'anthony2000solano@gmail.com',	'anthony2000solano@gmail.com',	472955303,	551,	2,	1,	NULL,	NULL,	'2019-12-29 03:20:17',	'2019-12-29 03:20:17'),
(150,	'2019-12-29 02:45:26',	957436786,	1,	'drcell1979@gmail.com',	'drcell1979@gmail.com',	889709281,	508,	2,	1,	NULL,	NULL,	'2019-12-29 02:45:26',	'2019-12-28 21:54:45'),
(151,	'2019-12-29 03:20:17',	947503070,	1,	'johana.k.mendozaa@gmail.com',	'johana.k.mendozaa@gmail.com',	890148146,	601,	2,	1,	NULL,	NULL,	'2019-12-29 03:20:17',	'2019-12-29 03:20:17'),
(152,	'2019-12-29 03:20:17',	947503070,	1,	'johana.k.mendozaa@gmail.com',	'johana.k.mendozaa@gmail.com',	506441879,	512,	2,	1,	NULL,	NULL,	'2019-12-29 03:20:17',	'2019-12-29 03:20:17'),
(153,	'2019-12-29 03:11:11',	947503070,	1,	'johana.k.mendozaa@gmail.com',	'johana.k.mendozaa@gmail.com',	238710534,	513,	3,	1,	NULL,	NULL,	'2019-12-29 03:11:11',	'2019-12-28 21:54:45'),
(154,	'2019-12-29 03:20:17',	2147483647,	2,	'abonos@locutorios.cl',	'yilberleoneltri17@gmail.com',	198878834,	514,	2,	1,	NULL,	NULL,	'2019-12-29 03:20:17',	'2019-12-29 03:20:17'),
(155,	'2019-12-29 03:20:17',	265255161,	2,	'abonos@locutorios.cl',	'yilberleoneltri17@gmail.com',	875472030,	514,	2,	1,	NULL,	NULL,	'2019-12-29 03:20:17',	'2019-12-29 03:20:17'),
(156,	'2019-12-29 03:20:17',	2147483647,	2,	'abonos@locutorios.cl',	'yilberleoneltri17@gmail.com',	967650354,	514,	2,	1,	NULL,	NULL,	'2019-12-29 03:20:17',	'2019-12-29 03:20:17'),
(157,	'2019-12-29 03:20:17',	2147483647,	2,	'abonos@locutorios.cl',	'yilberleoneltri17@gmail.com',	357610136,	514,	2,	1,	NULL,	NULL,	'2019-12-29 03:20:17',	'2019-12-29 03:20:17'),
(158,	'2019-12-29 03:20:17',	2147483647,	2,	'abonos@locutorios.cl',	'yilberleoneltri17@gmail.com',	811534014,	514,	2,	1,	NULL,	NULL,	'2019-12-29 03:20:17',	'2019-12-29 03:20:17'),
(159,	'2019-12-29 03:20:17',	2147483647,	2,	'abonos@locutorios.cl',	'yilberleoneltri17@gmail.com',	702650239,	514,	2,	1,	NULL,	NULL,	'2019-12-29 03:20:17',	'2019-12-29 03:20:17'),
(160,	'2019-12-29 03:20:17',	2147483647,	2,	'abonos@locutorios.cl',	'yilberleoneltri17@gmail.com',	193341981,	514,	2,	1,	NULL,	NULL,	'2019-12-29 03:20:17',	'2019-12-29 03:20:17'),
(161,	'2019-12-29 03:20:17',	2147483647,	2,	'abonos@locutorios.cl',	'yilberleoneltri17@gmail.com',	775468285,	514,	2,	1,	NULL,	NULL,	'2019-12-29 03:20:17',	'2019-12-29 03:20:17'),
(162,	'2019-12-29 03:20:17',	2147483647,	2,	'abonos@locutorios.cl',	'yilberleoneltri17@gmail.com',	439195182,	514,	2,	1,	NULL,	NULL,	'2019-12-29 03:20:17',	'2019-12-29 03:20:17'),
(163,	'2019-12-29 03:20:17',	2147483647,	2,	'abonos@locutorios.cl',	'yilberleoneltri17@gmail.com',	304818177,	515,	2,	1,	NULL,	NULL,	'2019-12-29 03:20:17',	'2019-12-29 03:20:17'),
(164,	'2019-12-29 03:20:17',	2147483647,	2,	'abonos@locutorios.cl',	'yilberleoneltri17@gmail.com',	814491431,	515,	2,	1,	NULL,	NULL,	'2019-12-29 03:20:17',	'2019-12-29 03:20:17'),
(165,	'2019-12-29 03:20:17',	997144423,	1,	'enrique-canache@hotmail.com',	'enrique-canache@hotmail.com',	890808006,	515,	2,	1,	NULL,	NULL,	'2019-12-29 03:20:17',	'2019-12-29 03:20:17'),
(166,	'2019-12-29 02:51:25',	997144423,	1,	'enrique-canache@hotmail.com',	'enrique-canache@hotmail.com',	124619499,	518,	5,	1,	NULL,	NULL,	'2019-12-29 02:51:25',	'2019-12-28 21:54:45'),
(167,	'2019-12-29 03:20:17',	997144423,	1,	'enrique-canache@hotmail.com',	'enrique-canache@hotmail.com',	995696880,	521,	2,	1,	NULL,	NULL,	'2019-12-29 03:20:17',	'2019-12-29 03:20:17'),
(168,	'2019-12-29 03:20:17',	986131745,	1,	'joseleo.robles@gmail.com',	'joseleo.robles@gmail.com',	751329626,	602,	2,	1,	NULL,	NULL,	'2019-12-29 03:20:17',	'2019-12-29 03:20:17'),
(169,	'2019-12-29 03:20:17',	944324134,	1,	'ery.cova@gmail.com',	'ery.cova@gmail.com',	192791855,	525,	2,	1,	NULL,	NULL,	'2019-12-29 03:20:17',	'2019-12-29 03:20:17'),
(170,	'2019-12-29 03:20:17',	946240809,	1,	'evia190@gmail.com',	'evia190@gmail.com',	147968184,	552,	2,	1,	NULL,	NULL,	'2019-12-29 03:20:17',	'2019-12-29 03:20:17'),
(171,	'2019-12-29 03:20:17',	933255369,	1,	'luistan5@gmail.com',	'luistan5@gmail.com',	710244627,	526,	2,	1,	NULL,	NULL,	'2019-12-29 03:20:17',	'2019-12-29 03:20:17'),
(172,	'2019-12-29 03:20:17',	967974547,	1,	'alexvalentinorodriguez@gmail.com',	'alexvalentinorodriguez@gmail.com',	837645033,	503,	2,	1,	NULL,	NULL,	'2019-12-29 03:20:17',	'2019-12-29 03:20:17'),
(173,	'2019-12-29 03:09:06',	955203022,	1,	'clarenasf@gmail.com',	'clarenasf@gmail.com',	881406199,	503,	3,	1,	NULL,	NULL,	'2019-12-29 03:09:06',	'2019-12-28 21:54:45'),
(174,	'2019-12-29 03:20:17',	958380863,	1,	'yorgelysespinoza19@gmail.com',	'yorgelysespinoza19@gmail.com',	49223218,	551,	2,	1,	NULL,	NULL,	'2019-12-29 03:20:17',	'2019-12-29 03:20:17'),
(175,	'2019-12-29 03:20:17',	569916765,	1,	'gabyorellan23@gmail.com',	'gabyorellan23@gmail.com',	237429873,	599,	2,	1,	NULL,	NULL,	'2019-12-29 03:20:17',	'2019-12-29 03:20:17'),
(176,	'2019-12-29 03:20:17',	95965332,	1,	'katherineisabelgouveia@gmail.com',	'katherineisabelgouveia@gmail.com',	702482133,	601,	2,	1,	NULL,	NULL,	'2019-12-29 03:20:17',	'2019-12-29 03:20:17'),
(177,	'2019-12-29 03:20:17',	991676553,	1,	'gabyorellan23@gmail.com',	'gabyorellan23@gmail.com',	98486724,	551,	2,	1,	NULL,	NULL,	'2019-12-29 03:20:17',	'2019-12-29 03:20:17'),
(178,	'2019-12-29 03:15:18',	991676553,	1,	'gabyorellan23@gmail.com',	'gabyorellan23@gmail.com',	960506759,	552,	3,	1,	NULL,	NULL,	'2019-12-29 03:15:18',	'2019-12-28 21:54:45'),
(179,	'2019-12-29 03:20:17',	1212121212,	7,	'abonos@locutorios.cl',	'jesus.evang21@gmail.com',	984166310,	508,	2,	1,	NULL,	NULL,	'2019-12-29 03:20:17',	'2019-12-29 03:20:17'),
(180,	'2019-12-29 03:20:17',	920131061,	1,	'phoenix4102@hotmail.com',	'phoenix4102@hotmail.com',	815656119,	602,	2,	1,	NULL,	NULL,	'2019-12-29 03:20:17',	'2019-12-29 03:20:17'),
(181,	'2019-12-29 03:20:17',	993763711,	1,	'jhon27_futbol@hotmail.com',	'jhon27_futbol@hotmail.com',	137651860,	603,	2,	1,	NULL,	NULL,	'2019-12-29 03:20:17',	'2019-12-29 03:20:17'),
(182,	'2019-12-29 03:20:17',	955146082,	1,	'real_game3001@hotmail.com',	'real_game3001@hotmail.com',	808438933,	602,	2,	1,	NULL,	NULL,	'2019-12-29 03:20:17',	'2019-12-29 03:20:17'),
(183,	'2019-12-29 03:00:57',	955146082,	1,	'real_game3001@hotmail.com',	'real_game3001@hotmail.com',	314110178,	604,	3,	1,	NULL,	NULL,	'2019-12-29 03:00:57',	'2019-12-28 21:54:45'),
(184,	'2019-12-29 03:20:17',	950692930,	1,	'ender0094@gmail.com',	'ender0094@gmail.com',	343807312,	554,	2,	1,	NULL,	NULL,	'2019-12-29 03:20:17',	'2019-12-29 03:20:17'),
(185,	'2019-12-29 03:20:17',	936413362,	1,	'berita0811@gmail.com',	'berita0811@gmail.com',	383809856,	551,	2,	1,	NULL,	NULL,	'2019-12-29 03:20:17',	'2019-12-29 03:20:17'),
(186,	'2019-12-29 03:09:25',	948797479,	1,	'nahir.garavito@gmail.com',	'nahir.garavito@gmail.com',	666270453,	599,	3,	1,	NULL,	NULL,	'2019-12-29 03:09:25',	'2019-12-28 21:54:45'),
(187,	'2019-12-29 02:45:12',	971760817,	1,	'emilyestradaf@gmail.com',	'emilyestradaf@gmail.com',	898703563,	508,	3,	1,	NULL,	NULL,	'2019-12-29 02:45:12',	'2019-12-28 21:54:45'),
(188,	'2019-12-29 03:20:17',	971760817,	1,	'emilyestradaf@gmail.com',	'emilyestradaf@gmail.com',	720725271,	512,	2,	1,	NULL,	NULL,	'2019-12-29 03:20:17',	'2019-12-29 03:20:17'),
(189,	'2019-12-29 03:20:17',	958052157,	1,	'lexruiz2014@gmail.com',	'lexruiz2014@gmail.com',	43720933,	601,	2,	1,	NULL,	NULL,	'2019-12-29 03:20:17',	'2019-12-29 03:20:17'),
(190,	'2019-12-29 02:53:28',	909090909,	10,	'abonos@locutorios.cl',	'j.uzcategui@digitalmarkrgd.com',	782877332,	514,	5,	1,	'Rechazo de tran',	'Transaccion Exitosa',	'2019-12-29 02:53:28',	'2019-12-28 21:54:45'),
(191,	'2019-12-29 03:20:17',	1212121212,	10,	'abonos@locutorios.cl',	'j.uzcategui@digitalmarkrgd.com',	105028781,	515,	2,	1,	'Rechazo de tran',	'Transaccion Exitosa',	'2019-12-29 03:20:17',	'2019-12-29 03:20:17'),
(192,	'2019-12-29 02:51:15',	1212121212,	10,	'abonos@locutorios.cl',	'j.uzcategui@digitalmarkrgd.com',	356884857,	518,	5,	1,	'Rechazo de tran',	'Transaccion Exitosa',	'2019-12-29 02:51:15',	'2019-12-28 21:54:45'),
(193,	'2019-12-29 02:51:08',	1212121212,	10,	'abonos@locutorios.cl',	'j.uzcategui@digitalmarkrgd.com',	966394685,	518,	5,	1,	'Rechazo de tran',	'Transaccion Exitosa',	'2019-12-29 02:51:08',	'2019-12-28 21:54:45'),
(194,	'2019-12-29 03:20:17',	1111111111,	10,	'abonos@locutorios.cl',	'j.uzcategui@digitalmarkrgd.com',	617188593,	512,	2,	1,	'Rechazo de tran',	'Transaccion Exitosa',	'2019-12-29 03:20:17',	'2019-12-29 03:20:17'),
(195,	'2019-12-29 03:20:17',	965905577,	1,	'reylander.wgd@gmail.com',	'reylander.wgd@gmail.com',	625132477,	512,	2,	1,	'N/A',	'N/A',	'2019-12-29 03:20:17',	'2019-12-29 03:20:17'),
(196,	'2019-12-29 02:53:20',	965905577,	1,	'reylander.wgd@gmail.com',	'reylander.wgd@gmail.com',	850434391,	514,	2,	1,	'Rechazo de tran',	'Transaccion Exitosa',	'2019-12-29 02:53:20',	'2019-12-28 21:54:45'),
(197,	'2019-12-29 02:53:09',	965905577,	1,	'reylander.wgd@gmail.com',	'reylander.wgd@gmail.com',	922814742,	514,	3,	1,	'Venta Prepago.',	'Transaccion Exitosa',	'2019-12-29 02:53:09',	'2019-12-28 21:54:45'),
(198,	'2019-12-29 03:20:17',	2147483647,	2,	'abonos@locutorios.cl',	'yilberleoneltri17@gmail.com',	333281977,	508,	2,	1,	'Rechazo de tran',	'Transaccion Exitosa',	'2019-12-29 03:20:17',	'2019-12-29 03:20:17'),
(199,	'2019-12-29 03:20:17',	121212,	2,	'abonos@locutorios.cl',	'yilberleoneltri17@gmail.com',	167945495,	508,	2,	1,	'N/A',	'N/A',	'2019-12-29 03:20:17',	'2019-12-29 03:20:17'),
(200,	'2019-12-29 03:20:17',	2147483647,	2,	'abonos@locutorios.cl',	'yilberleoneltri17@gmail.com',	977593193,	512,	2,	1,	'Venta Normal.',	'Transacción debe reintentarse.',	'2019-12-29 03:20:17',	'2019-12-29 03:20:17'),
(201,	'2019-12-29 03:20:17',	2147483647,	2,	'abonos@locutorios.cl',	'yilberleoneltri17@gmail.com',	818965976,	512,	2,	1,	'Venta Normal.',	'Transaccion Exitosa',	'2019-12-29 03:20:17',	'2019-12-29 03:20:17'),
(202,	'2019-12-29 03:20:17',	99025452,	1,	'danny.cardenas.84@gmail.com',	'danny.cardenas.84@gmail.com',	163570754,	601,	2,	1,	'N/A',	'N/A',	'2019-12-29 03:20:17',	'2019-12-29 03:20:17'),
(203,	'2019-12-29 03:20:17',	981575828,	1,	'nosorios@gmail.com',	'nosorios@gmail.com',	913655517,	551,	2,	1,	'N/A',	'N/A',	'2019-12-29 03:20:17',	'2019-12-29 03:20:17'),
(204,	'2019-12-29 03:20:17',	947752381,	1,	'Icta2.ic@gmail.com',	'Icta2.ic@gmail.com',	574459254,	512,	2,	1,	'Rechazo de tran',	'Transaccion Exitosa',	'2019-12-29 03:20:17',	'2019-12-29 03:20:17'),
(205,	'2019-12-29 03:12:07',	947752381,	1,	'Icta2.ic@gmail.com',	'Icta2.ic@gmail.com',	358360444,	512,	3,	1,	'Venta Débito.',	'Transaccion Exitosa',	'2019-12-29 03:12:07',	'2019-12-28 21:54:45'),
(206,	'2019-12-29 03:20:17',	958813763,	1,	'Yetssikacrodriguez@gmail.com',	'Yetssikacrodriguez@gmail.com',	492058278,	515,	2,	1,	'Rechazo de tran',	'Transaccion Exitosa',	'2019-12-29 03:20:17',	'2019-12-29 03:20:17'),
(207,	'2019-12-29 03:20:17',	958813763,	1,	'Yetssikacrodriguez@gmail.com',	'Yetssikacrodriguez@gmail.com',	31370789,	515,	2,	1,	'N/A',	'N/A',	'2019-12-29 03:20:17',	'2019-12-29 03:20:17'),
(208,	'2019-12-29 02:51:02',	944392689,	1,	'alejandroacosta796@gmail.com',	'alejandroacosta796@gmail.com',	66921592,	518,	5,	1,	'Rechazo de tran',	'Transaccion Exitosa',	'2019-12-29 02:51:02',	'2019-12-28 21:54:45'),
(209,	'2019-12-29 03:20:17',	941269164,	1,	'younlininoska@gmail.com',	'younlininoska@gmail.com',	313452757,	602,	2,	1,	'Venta Débito.',	'Transaccion Exitosa',	'2019-12-29 03:20:17',	'2019-12-29 03:20:17'),
(210,	'2019-12-29 03:20:17',	948843447,	1,	'leonardoleon596@gmail.com',	'leonardoleon596@gmail.com',	859266750,	515,	2,	1,	'N/A',	'N/A',	'2019-12-29 03:20:17',	'2019-12-29 03:20:17'),
(211,	'2019-12-29 02:50:50',	971760817,	1,	'emilyestradaf@gmail.com',	'emilyestradaf@gmail.com',	439386430,	518,	5,	1,	'Rechazo de tran',	'Transaccion Exitosa',	'2019-12-29 02:50:50',	'2019-12-28 21:54:45'),
(212,	'2019-12-29 02:50:37',	971760817,	1,	'emilyestradaf@gmail.com',	'emilyestradaf@gmail.com',	791845115,	518,	2,	1,	'Rechazo de tran',	'Transaccion Exitosa',	'2019-12-29 02:50:37',	'2019-12-28 21:54:45'),
(213,	'2019-12-29 02:50:26',	971760817,	1,	'emilyestradaf@gmail.com',	'emilyestradaf@gmail.com',	588833025,	518,	2,	1,	'Venta Débito.',	'Rechazo de transacción.',	'2019-12-29 02:50:26',	'2019-12-28 21:54:45'),
(214,	'2019-12-29 02:50:16',	971760817,	1,	'emilyestradaf@gmail.com',	'emilyestradaf@gmail.com',	763162407,	518,	3,	1,	'Venta Débito.',	'Transacción debe reintentarse.',	'2019-12-29 02:50:16',	'2019-12-28 21:54:45'),
(215,	'2019-12-29 03:20:17',	971760817,	1,	'emilyestradaf@gmail.com',	'emilyestradaf@gmail.com',	72937056,	518,	2,	1,	'Venta Débito.',	'Transaccion Exitosa',	'2019-12-29 03:20:17',	'2019-12-29 03:20:17'),
(216,	'2019-12-29 03:06:27',	981575828,	1,	'nosorios@gmail.com',	'nosorios@gmail.com',	737456905,	551,	3,	1,	'Venta Débito.',	'Transaccion Exitosa',	'2019-12-29 03:06:27',	'2019-12-28 21:54:45'),
(217,	'2019-12-29 03:20:17',	965905577,	1,	'reylander.wgd@gmail.com',	'reylander.wgd@gmail.com',	32530093,	521,	2,	1,	'Rechazo de tran',	'Transaccion Exitosa',	'2019-12-29 03:20:17',	'2019-12-29 03:20:17'),
(218,	'2019-12-29 03:20:17',	987576884,	1,	'gatoalarcon@hotmail.com',	'gatoalarcon@hotmail.com',	118537504,	521,	2,	1,	'N/A',	'N/A',	'2019-12-29 03:20:17',	'2019-12-29 03:20:17'),
(219,	'2019-12-29 03:02:12',	986593950,	1,	'gabrielaandrea0912@gmail.com',	'gabrielaandrea0912@gmail.com',	748843895,	554,	2,	1,	'N/A',	'N/A',	'2019-12-29 03:02:12',	'2019-12-28 21:54:45'),
(220,	'2019-12-29 02:59:44',	986093950,	1,	'gabrielaandrea0912@gmail.com',	'gabrielaandrea0912@gmail.com',	192999899,	560,	2,	1,	'N/A',	'N/A',	'2019-12-29 02:59:44',	'2019-12-28 21:54:45'),
(221,	'2019-12-29 03:20:17',	986093950,	1,	'gabrielaandrea0912@gmail.com',	'gabrielaandrea0912@gmail.com',	81823790,	564,	2,	1,	'N/A',	'N/A',	'2019-12-29 03:20:17',	'2019-12-29 03:20:17'),
(222,	'2019-12-29 03:20:17',	964825425,	1,	'stellatorcat@gmail.com',	'stellatorcat@gmail.com',	868240762,	525,	2,	1,	'N/A',	'N/A',	'2019-12-29 03:20:17',	'2019-12-29 03:20:17'),
(223,	'2019-12-29 03:20:17',	964825425,	1,	'stellatorcat@gmail.com',	'stellatorcat@gmail.com',	666901418,	526,	2,	1,	'N/A',	'N/A',	'2019-12-29 03:20:17',	'2019-12-29 03:20:17'),
(224,	'2019-12-29 03:20:17',	947489376,	1,	'dianabravosilva@gmail.com',	'dianabravosilva@gmail.com',	239597383,	565,	2,	1,	'N/A',	'N/A',	'2019-12-29 03:20:17',	'2019-12-29 03:20:17'),
(225,	'2019-12-29 03:20:17',	964825425,	1,	'stellatorcat@gmail.com',	'stellatorcat@gmail.com',	981537778,	527,	2,	1,	'N/A',	'N/A',	'2019-12-29 03:20:17',	'2019-12-29 03:20:17'),
(226,	'2019-12-29 03:20:17',	941792820,	1,	'valentinaicz@gmail.com',	'valentinaicz@gmail.com',	28314077,	601,	2,	1,	'N/A',	'N/A',	'2019-12-29 03:20:17',	'2019-12-29 03:20:17'),
(227,	'2019-12-29 03:00:32',	934964931,	1,	'vicentezozzaro65@gmail.com',	'vicentezozzaro65@gmail.com',	690473082,	566,	3,	1,	'Venta Débito.',	'Transaccion Exitosa',	'2019-12-29 03:00:32',	'2019-12-28 21:54:45'),
(228,	'2019-12-29 03:01:45',	947489376,	1,	'dianabravosilva@gmail.com',	'dianabravosilva@gmail.com',	574550038,	554,	3,	1,	'Venta Débito.',	'Transaccion Exitosa',	'2019-12-29 03:01:45',	'2019-12-28 21:54:45'),
(229,	'2019-12-29 03:09:50',	947503070,	1,	'johana.k.mendozaa@gmail.com',	'johana.k.mendozaa@gmail.com',	431043420,	601,	3,	1,	'Venta Débito.',	'Transaccion Exitosa',	'2019-12-29 03:09:50',	'2019-12-28 21:54:45'),
(230,	'2019-12-29 02:59:36',	569540354,	1,	'edgarhpi@gmail.com',	'edgarhpi@gmail.com',	992065540,	560,	2,	1,	'Venta Débito.',	'Transaccion Exitosa',	'2019-12-29 02:59:36',	'2019-12-28 21:54:45'),
(231,	'2019-12-29 02:59:28',	993007423,	1,	'graterol.saymar@gmail.com',	'graterol.saymar@gmail.com',	413864601,	560,	3,	1,	'N/A',	'N/A',	'2019-12-29 02:59:28',	'2019-12-28 21:54:45'),
(232,	'2019-12-29 03:20:17',	99025452,	1,	'danny.cardenas.84@gmail.com',	'danny.cardenas.84@gmail.com',	913172981,	564,	2,	1,	'Venta Débito.',	'Transaccion Exitosa',	'2019-12-29 03:20:17',	'2019-12-29 03:20:17'),
(233,	'2019-12-29 03:20:17',	965905577,	1,	'reylander.wgd@gmail.com',	'reylander.wgd@gmail.com',	872392104,	515,	2,	1,	'N/A',	'N/A',	'2019-12-29 03:20:17',	'2019-12-29 03:20:17'),
(234,	'2019-12-29 03:20:17',	962301605,	1,	'magazd8400@gmail.com',	'magazd8400@gmail.com',	489981682,	521,	2,	1,	'N/A',	'N/A',	'2019-12-29 03:20:17',	'2019-12-29 03:20:17'),
(235,	'2019-12-29 03:20:17',	971014430,	1,	'ela.1420@gmail.com',	'ela.1420@gmail.com',	994989371,	602,	2,	1,	'N/A',	'N/A',	'2019-12-29 03:20:17',	'2019-12-29 03:20:17'),
(236,	'2019-12-29 03:03:40',	971014430,	1,	'ela.1420@gmail.com',	'ela.1420@gmail.com',	244936360,	603,	3,	1,	'Venta Débito.',	'Transaccion Exitosa',	'2019-12-29 03:03:40',	'2019-12-28 21:54:45'),
(237,	'2019-12-29 03:11:49',	943478532,	1,	'leidyflores1608@gmail.com',	'leidyflores1608@gmail.com',	898366307,	564,	3,	1,	'Venta Débito.',	'Transaccion Exitosa',	'2019-12-29 03:11:49',	'2019-12-28 21:54:45'),
(238,	'2019-12-29 03:20:17',	2147483647,	1,	'isaias_bc@yahoo.com',	'isaias_bc@yahoo.com',	344413547,	565,	2,	1,	'N/A',	'N/A',	'2019-12-29 03:20:17',	'2019-12-29 03:20:17'),
(239,	'2019-12-29 03:20:17',	968224337,	1,	'jfgm10@gmail.com',	'jfgm10@gmail.com',	57619180,	567,	2,	1,	'N/A',	'N/A',	'2019-12-29 03:20:17',	'2019-12-29 03:20:17'),
(240,	'2019-12-29 03:20:17',	964825425,	1,	'stellatorcat@gmail.com',	'stellatorcat@gmail.com',	812327931,	525,	2,	1,	'N/A',	'N/A',	'2019-12-29 03:20:17',	'2019-12-29 03:20:17'),
(241,	'2019-12-29 03:20:17',	987147144,	1,	'hcordero1985@gmail.com',	'hcordero1985@gmail.com',	581940701,	526,	2,	1,	'N/A',	'N/A',	'2019-12-29 03:20:17',	'2019-12-29 03:20:17'),
(242,	'2019-12-29 03:04:10',	95346552,	1,	'luancasil@gmail.com',	'luancasil@gmail.com',	327030682,	527,	3,	1,	'Venta Normal.',	'Transaccion Exitosa',	'2019-12-29 03:04:10',	'2019-12-28 21:54:45'),
(243,	'2019-12-29 03:07:10',	964467425,	1,	'giselanrc90@gmail.com',	'giselanrc90@gmail.com',	876346816,	568,	3,	1,	'Venta Débito.',	'Transaccion Exitosa',	'2019-12-29 03:07:10',	'2019-12-28 21:54:45'),
(244,	'2019-12-29 03:08:50',	2147483647,	1,	'tebsalcedo@gmail.com',	'tebsalcedo@gmail.com',	292358984,	569,	3,	1,	'Venta Débito.',	'Transaccion Exitosa',	'2019-12-29 03:08:50',	'2019-12-28 21:54:45'),
(245,	'2020-01-13 21:02:05',	962301606,	1,	'magazd8400@gmail.com',	'magazd8400@gmail.com',	946043427,	528,	5,	1,	'N/A',	'N/A',	'2019-12-29 03:20:17',	'2019-12-29 03:20:17'),
(246,	'2020-01-13 21:05:53',	962301605,	1,	'magazd8400@gmail.com',	'magazd8400@gmail.com',	449235042,	529,	5,	1,	'N/A',	'N/A',	'2019-12-29 03:20:17',	'2019-12-29 03:20:17'),
(247,	'2019-12-29 03:14:42',	962301605,	1,	'magazd8400@gmail.com',	'magazd8400@gmail.com',	332552654,	530,	3,	1,	'Venta Débito.',	'Transaccion Exitosa',	'2019-12-29 03:14:42',	'2019-12-28 21:54:45'),
(248,	'2019-12-29 03:06:01',	949580849,	1,	'reinaldorauseop@gmail.com',	'reinaldorauseop@gmail.com',	487842366,	531,	3,	1,	'Venta Débito.',	'Transaccion Exitosa',	'2019-12-29 03:06:01',	'2019-12-28 21:54:45'),
(249,	'2019-12-29 03:14:57',	953465552,	1,	'luancasil@gmail.com',	'luancasil@gmail.com',	185327258,	532,	3,	1,	'Venta Normal.',	'Transaccion Exitosa',	'2019-12-29 03:14:57',	'2019-12-28 21:54:45'),
(250,	'2019-12-29 03:08:03',	958813763,	1,	'Yetssikacrodriguez@gmail.com',	'Yetssikacrodriguez@gmail.com',	713941385,	533,	3,	1,	'Venta Débito.',	'Transaccion Exitosa',	'2019-12-29 03:08:03',	'2019-12-28 21:54:45'),
(251,	'2019-12-29 03:20:17',	945918676,	1,	'lauigs363@gmail.com',	'lauigs363@gmail.com',	385315803,	534,	2,	1,	'N/A',	'N/A',	'2019-12-29 03:20:17',	'2019-12-29 03:20:17'),
(252,	'2019-12-29 03:20:17',	937560204,	1,	'grpf3445@gmail.com',	'grpf3445@gmail.com',	905698106,	535,	2,	1,	'N/A',	'N/A',	'2019-12-29 03:20:17',	'2019-12-29 03:20:17'),
(253,	'2019-12-29 03:20:17',	976411450,	1,	'yaneisisy@gmail.com',	'yaneisisy@gmail.com',	539429367,	570,	2,	1,	'N/A',	'N/A',	'2019-12-29 03:20:17',	'2019-12-29 03:20:17'),
(254,	'2019-12-29 03:20:17',	976411450,	1,	'yaneisisy@gmail.com',	'yaneisisy@gmail.com',	571975289,	571,	2,	1,	'N/A',	'N/A',	'2019-12-29 03:20:17',	'2019-12-29 03:20:17'),
(255,	'2019-12-29 03:20:17',	976411450,	1,	'yaneisisy@gmail.con',	'yaneisisy@gmail.con',	342583430,	572,	2,	1,	'N/A',	'N/A',	'2019-12-29 03:20:17',	'2019-12-29 03:20:17'),
(256,	'2019-12-29 02:49:01',	976411450,	1,	'yaneisisy@gmail.com',	'yaneisisy@gmail.com',	505051833,	573,	3,	1,	'Venta Normal.',	'Transaccion Exitosa',	'2019-12-29 02:49:01',	'2019-12-28 21:54:45'),
(257,	'2020-01-13 21:03:52',	933314245,	1,	'carlosgarciasandoval85@gmail.com',	'carlosgarciasandoval85@gmail.com',	948189350,	536,	5,	1,	'N/A',	'N/A',	'2019-12-29 03:20:17',	'2019-12-29 03:20:17'),
(258,	'2019-12-29 03:20:17',	952029966,	1,	'figuerasrosanny@gmail.com',	'figuerasrosanny@gmail.com',	430369695,	574,	2,	1,	'N/A',	'N/A',	'2019-12-29 03:20:17',	'2019-12-29 03:20:17'),
(259,	'2019-12-29 03:39:16',	952029966,	1,	'figuerasrosanny@gmail.com',	'figuerasrosanny@gmail.com',	518485295,	575,	5,	1,	'N/A',	'N/A',	'2019-12-29 03:39:16',	'2019-12-29 03:20:17'),
(260,	'2019-12-29 03:05:11',	952029966,	1,	'figuerasrosanny@gmail.com',	'figuerasrosanny@gmail.com',	672588761,	576,	3,	1,	'Venta Débito.',	'Transaccion Exitosa',	'2019-12-29 03:05:11',	'2019-12-28 21:54:45'),
(267,	'2019-12-29 05:08:31',	123456789,	1,	'jesus.evang21@gmail.com',	'jesus.evang21@gmail.com',	967479880,	515,	5,	1,	'Venta Normal.',	'Transacción debe reintentarse.',	'2019-12-29 05:08:31',	'2019-12-29 04:08:31'),
(268,	'2019-12-29 14:37:15',	2147483647,	1,	'jesus.evang21@gmail.com',	'jesus.evang21@gmail.com',	497010182,	515,	5,	1,	NULL,	NULL,	'2019-12-29 14:37:15',	'2019-12-29 13:37:15'),
(269,	'2019-12-29 14:39:47',	2147483647,	1,	'jesus.evang21@gmail.com',	'jesus.evang21@gmail.com',	748588456,	515,	3,	1,	'Venta Prepago.',	'Transaccion Exitosa',	'2019-12-29 14:39:47',	'2019-12-29 13:39:47'),
(270,	'2019-12-29 14:13:39',	965905577,	1,	'reylander.wgd@gmail.com',	'reylander.wgd@gmail.com',	676459521,	521,	2,	1,	'N/A',	'N/A',	'2019-12-29 14:13:39',	'2019-12-29 15:13:39'),
(271,	'2019-12-29 14:13:54',	965905577,	1,	'reylander.wgd@gmail.com',	'reylander.wgd@gmail.com',	139507703,	525,	2,	1,	'N/A',	'N/A',	'2019-12-29 14:13:54',	'2019-12-29 15:13:54'),
(272,	'2019-12-29 14:14:22',	965905577,	1,	'reylander.wgd@gmail.com',	'reylander.wgd@gmail.com',	745334399,	526,	2,	1,	'N/A',	'N/A',	'2019-12-29 14:14:22',	'2019-12-29 15:14:22'),
(273,	'2020-01-13 21:02:00',	965905577,	1,	'r.gamez@digitalmarkrgd.com',	'r.gamez@digitalmarkrgd.com',	750867927,	528,	5,	1,	'N/A',	'N/A',	'2019-12-29 14:15:40',	'2019-12-29 15:15:40'),
(274,	'2020-01-13 21:05:48',	2147483647,	1,	'jesus.evang21@gmail.com',	'jesus.evang21@gmail.com',	156781903,	529,	5,	1,	'N/A',	'N/A',	'2019-12-29 14:15:49',	'2019-12-29 15:15:49'),
(275,	'2019-12-29 15:19:24',	965905577,	1,	'r.gamez@digitalmarkrgd.com',	'r.gamez@digitalmarkrgd.com',	192981385,	534,	5,	1,	NULL,	NULL,	'2019-12-29 15:19:24',	'2019-12-29 14:19:24'),
(276,	'2019-12-29 15:31:57',	979343136,	1,	'mariacuellar363@gmail.com',	'mariacuellar363@gmail.com',	766848962,	534,	3,	1,	'Venta Débito.',	'Transaccion Exitosa',	'2019-12-29 15:31:57',	'2019-12-29 14:31:57'),
(277,	'2019-12-29 16:29:17',	955203022,	1,	'cristian@mtodoenuno.cl',	'cristian@mtodoenuno.cl',	634327557,	535,	5,	1,	'Venta Débito.',	'Transacción debe reintentarse.',	'2019-12-29 16:29:17',	'2019-12-29 15:29:17'),
(278,	'2019-12-29 17:02:37',	2147483647,	1,	'jesus.evang21@gmail.com',	'jesus.evang21@gmail.com',	319264491,	535,	5,	1,	NULL,	NULL,	'2019-12-29 17:02:37',	'2019-12-29 16:02:37'),
(279,	'2019-12-29 17:07:51',	1212121212,	1,	'jesus.evang21@gmail.com',	'jesus.evang21@gmail.com',	938924983,	535,	5,	1,	'Venta Normal.',	'Transacción debe reintentarse.',	'2019-12-29 17:07:51',	'2019-12-29 16:07:51'),
(280,	'2019-12-29 18:44:49',	2147483647,	1,	'yazmincoronel@gmail.com',	'yazmincoronel@gmail.com',	283569834,	565,	2,	1,	'N/A',	'N/A',	'2019-12-29 18:44:49',	'2019-12-29 19:44:49'),
(281,	'2019-12-29 18:51:57',	2147483647,	1,	'yazmincoronel@gmail.com',	'yazmincoronel@gmail.com',	923018913,	535,	2,	1,	'N/A',	'N/A',	'2019-12-29 18:51:57',	'2019-12-29 19:51:57'),
(282,	'2020-01-13 21:03:47',	2147483647,	1,	'yazmincoronel@gmail.com',	'yazmincoronel@gmail.com',	89603550,	536,	5,	1,	'N/A',	'N/A',	'2019-12-29 18:52:25',	'2019-12-29 19:52:25'),
(283,	'2019-12-29 19:43:32',	2147483647,	1,	'yazmincoronel@gmail.com',	'yazmincoronel@gmail.com',	703931428,	537,	2,	1,	'N/A',	'N/A',	'2019-12-29 19:43:32',	'2019-12-29 20:43:32'),
(284,	'2019-12-29 19:44:39',	2147483647,	1,	'yazmincoronel@gmail.com',	'yazmincoronel@gmail.com',	96450931,	538,	2,	1,	'N/A',	'N/A',	'2019-12-29 19:44:39',	'2019-12-29 20:44:39'),
(285,	'2020-01-13 21:07:02',	2147483647,	1,	'yazmincoronel@gmail.com',	'yazmincoronel@gmail.com',	675742868,	539,	5,	1,	'N/A',	'N/A',	'2019-12-29 19:45:49',	'2019-12-29 20:45:49'),
(286,	'2020-01-13 21:04:53',	2147483647,	1,	'yazmincoronel@gmail.com',	'yazmincoronel@gmail.com',	282271627,	540,	5,	1,	'N/A',	'N/A',	'2019-12-29 19:48:55',	'2019-12-29 20:48:55'),
(287,	'2020-01-13 21:06:27',	2147483647,	1,	'yazmincoronel@gmail.com',	'yazmincoronel@gmail.com',	372960604,	541,	5,	1,	'N/A',	'N/A',	'2019-12-29 20:04:22',	'2019-12-29 21:04:22'),
(288,	'2019-12-29 20:05:07',	2147483647,	1,	'yazmincoronel@gmail.com',	'yazmincoronel@gmail.com',	764955737,	542,	2,	1,	'N/A',	'N/A',	'2019-12-29 20:05:07',	'2019-12-29 21:05:07'),
(289,	'2019-12-29 23:24:13',	965905577,	1,	'r.gamez@digitalmarkrgd.com',	'r.gamez@digitalmarkrgd.com',	742013730,	521,	3,	1,	'Venta Prepago.',	'Transaccion Exitosa',	'2019-12-29 23:24:13',	'2019-12-29 22:24:13'),
(290,	'2019-12-30 12:53:46',	2147483647,	1,	'Haymaradiaz05@gmail.com',	'Haymaradiaz05@gmail.com',	762520266,	565,	2,	1,	'N/A',	'N/A',	'2019-12-30 12:53:46',	'2019-12-30 13:53:46'),
(291,	'2019-12-30 14:33:19',	958813763,	1,	'Yetssikacrodriguez@gmail.com',	'Yetssikacrodriguez@gmail.com',	110448133,	525,	3,	1,	'Venta Débito.',	'Transaccion Exitosa',	'2019-12-30 14:33:19',	'2019-12-30 13:33:19'),
(292,	'2019-12-30 14:01:12',	2147483647,	1,	'ganangor@gmail.com',	'ganangor@gmail.com',	529347532,	602,	2,	1,	'N/A',	'N/A',	'2019-12-30 14:01:12',	'2019-12-30 15:01:12'),
(293,	'2019-12-30 17:39:07',	978178965,	1,	'eriker.suarez@gmail.com',	'eriker.suarez@gmail.com',	863257322,	526,	3,	1,	'Venta Débito.',	'Transaccion Exitosa',	'2019-12-30 17:39:07',	'2019-12-30 16:39:07'),
(294,	'2019-12-30 18:49:47',	946719846,	1,	'daniel28alexr@gmail.com',	'daniel28alexr@gmail.com',	739911981,	567,	2,	1,	'N/A',	'N/A',	'2019-12-30 18:49:47',	'2019-12-30 19:49:47'),
(295,	'2019-12-30 19:56:52',	996998979,	1,	'lorbelisrodriguez@gmail.com',	'lorbelisrodriguez@gmail.com',	489038023,	570,	2,	1,	'N/A',	'N/A',	'2019-12-30 19:56:52',	'2019-12-30 20:56:52'),
(296,	'2019-12-30 21:04:18',	996998979,	1,	'lorbelisrodriguez@gmail.com',	'lorbelisrodriguez@gmail.com',	675478649,	571,	3,	1,	'Venta Débito.',	'Transaccion Exitosa',	'2019-12-30 21:04:18',	'2019-12-30 20:04:18'),
(297,	'2020-01-13 21:01:46',	997144423,	1,	'enrique-canache@hotmail.com',	'enrique-canache@hotmail.com',	616548932,	528,	5,	1,	'N/A',	'N/A',	'2019-12-31 09:45:28',	'2019-12-31 10:45:28'),
(298,	'2019-12-31 12:07:45',	932527660,	1,	'veronica.yelismar@gmail.com',	'veronica.yelismar@gmail.com',	540096836,	565,	3,	1,	'Venta Débito.',	'Transaccion Exitosa',	'2019-12-31 12:07:45',	'2019-12-31 11:07:45'),
(299,	'2020-01-13 21:05:39',	947503070,	1,	'johana.k.mendozaa@gmail.com',	'johana.k.mendozaa@gmail.com',	484603945,	529,	5,	1,	'N/A',	'N/A',	'2019-12-31 11:58:13',	'2019-12-31 12:58:13'),
(300,	'2019-12-31 13:08:11',	947503070,	1,	'johana.k.mendozaa@gmail.com',	'johana.k.mendozaa@gmail.com',	446181413,	535,	3,	1,	'Venta Débito.',	'Transaccion Exitosa',	'2019-12-31 13:08:11',	'2019-12-31 12:08:11'),
(301,	'2020-01-13 21:03:40',	941150986,	1,	'luistovar333@hotmail.com',	'luistovar333@hotmail.com',	71931869,	536,	5,	1,	'N/A',	'N/A',	'2019-12-31 12:54:38',	'2019-12-31 13:54:38'),
(302,	'2019-12-31 14:59:02',	941150986,	13,	'luistovar333@hotmail.com',	'luistovar333@hotmail.com',	7029034,	589,	3,	1,	'transferencia',	'Fue realizada por transferencia bancaria desde banco estado',	'2019-12-31 14:59:02',	'2019-12-31 14:54:22'),
(303,	'2020-01-13 21:03:32',	2147483647,	1,	'yazmincoronel@gmail.com',	'yazmincoronel@gmail.com',	835730214,	536,	5,	1,	'N/A',	'N/A',	'2019-12-31 17:02:12',	'2019-12-31 18:02:00'),
(304,	'2019-12-31 17:07:02',	2147483647,	1,	'yazmincoronel@gmail.com',	'yazmincoronel@gmail.com',	62800543,	567,	2,	1,	'N/A',	'N/A',	'2019-12-31 17:07:02',	'2019-12-31 18:07:02'),
(305,	'2019-12-31 18:23:30',	946719846,	1,	'daniel28alexr@gmail.com',	'daniel28alexr@gmail.com',	516640240,	570,	3,	1,	'Venta Débito.',	'Transaccion Exitosa',	'2019-12-31 18:23:30',	'2019-12-31 17:23:30'),
(306,	'2019-12-31 18:21:07',	957347675,	1,	'lismaryalcalavera1987@gmail.com',	'lismaryalcalavera1987@gmail.com',	166162774,	602,	2,	1,	'N/A',	'N/A',	'2019-12-31 18:21:07',	'2019-12-31 19:21:07'),
(307,	'2019-12-31 18:25:02',	957347675,	1,	'lismaryalcalavera1987@gmail.com',	'lismaryalcalavera1987@gmail.com',	374775151,	605,	2,	1,	'N/A',	'N/A',	'2019-12-31 18:25:02',	'2019-12-31 19:25:02'),
(308,	'2019-12-31 18:25:49',	957347675,	1,	'lismaryalcalavera1987@gmail.com',	'lismaryalcalavera1987@gmail.com',	190220445,	606,	2,	1,	'N/A',	'N/A',	'2019-12-31 18:25:49',	'2019-12-31 19:25:49'),
(309,	'2019-12-31 18:27:28',	932913878,	1,	'alejandrobastidas810@gmail.com',	'alejandrobastidas810@gmail.com',	653169243,	607,	2,	1,	'N/A',	'N/A',	'2019-12-31 18:27:28',	'2019-12-31 19:27:28'),
(310,	'2019-12-31 18:28:33',	957347675,	1,	'lismaryalcalavera1987@gmail.com',	'lismaryalcalavera1987@gmail.com',	749862335,	608,	2,	1,	'N/A',	'N/A',	'2019-12-31 18:28:33',	'2019-12-31 19:28:33'),
(311,	'2019-12-31 19:55:59',	957347675,	1,	'ismaryalcalavera1987@gmail.com',	'ismaryalcalavera1987@gmail.com',	7020094,	622,	3,	1,	'transferencia',	'TRANSRENCIA POR BANCO ESTADO',	'2019-12-31 19:55:59',	'2019-12-31 19:54:51'),
(312,	'2019-12-31 19:06:44',	932913879,	1,	'alejandrobastidas810@gmail.com',	'alejandrobastidas810@gmail.com',	554672804,	609,	2,	1,	'N/A',	'N/A',	'2019-12-31 19:06:44',	'2019-12-31 20:06:44'),
(313,	'2019-12-31 19:07:11',	932913878,	1,	'alejandrobastidas810@gmail.com',	'alejandrobastidas810@gmail.com',	349635549,	610,	2,	1,	'N/A',	'N/A',	'2019-12-31 19:07:11',	'2019-12-31 20:07:11'),
(314,	'2019-12-31 20:15:19',	932913878,	1,	'alejandrobastidas810@gmail.com',	'alejandrobastidas810@gmail.com',	369398677,	611,	5,	1,	'Venta Débito.',	'Transacción debe reintentarse.',	'2019-12-31 20:15:19',	'2019-12-31 19:15:19'),
(315,	'2019-12-31 20:13:40',	945448068,	1,	'jeaf1965@gmail.com',	'jeaf1965@gmail.com',	873147557,	537,	3,	1,	'Venta Débito.',	'Transaccion Exitosa',	'2019-12-31 20:13:40',	'2019-12-31 19:13:40'),
(316,	'2019-12-31 20:41:01',	985084257,	1,	'jeanp21al@gmail.com',	'jeanp21al@gmail.com',	659713484,	572,	3,	1,	'Venta Débito.',	'Transaccion Exitosa',	'2019-12-31 20:41:01',	'2019-12-31 19:41:01'),
(317,	'2019-12-31 21:06:19',	981575828,	1,	'nosorios@gmail.com',	'nosorios@gmail.com',	310565009,	611,	3,	1,	'Venta Débito.',	'Transaccion Exitosa',	'2019-12-31 21:06:19',	'2019-12-31 20:06:19'),
(318,	'2019-12-31 20:31:51',	954035049,	1,	'edgarhpi@gmail.com',	'edgarhpi@gmail.com',	696905113,	574,	2,	1,	'N/A',	'N/A',	'2019-12-31 20:31:51',	'2019-12-31 21:31:51'),
(319,	'2019-12-31 21:34:13',	954035049,	1,	'edgarhpi@gmail.com',	'edgarhpi@gmail.com',	108939999,	575,	3,	1,	'Venta Débito.',	'Transaccion Exitosa',	'2019-12-31 21:34:13',	'2019-12-31 20:34:13'),
(320,	'2019-12-31 21:38:14',	935305482,	1,	'yosmarydelotero1@gmail.com',	'yosmarydelotero1@gmail.com',	854611903,	538,	3,	1,	'Venta Débito.',	'Transaccion Exitosa',	'2019-12-31 21:38:14',	'2019-12-31 20:38:14'),
(321,	'2019-12-31 23:23:06',	953465552,	1,	'luancasil@gmail.com',	'luancasil@gmail.com',	965468928,	577,	3,	1,	'Venta Débito.',	'Transaccion Exitosa',	'2019-12-31 23:23:06',	'2019-12-31 22:23:06'),
(322,	'2019-12-31 23:37:25',	985084257,	1,	'jeanp21al@gmail.com',	'jeanp21al@gmail.com',	543449434,	578,	3,	1,	'Venta Débito.',	'Transaccion Exitosa',	'2019-12-31 23:37:25',	'2019-12-31 22:37:25'),
(323,	'2019-12-31 23:50:02',	966861904,	1,	'jcqd_1@hotmail.com',	'jcqd_1@hotmail.com',	931752684,	612,	3,	1,	'Venta Normal.',	'Transaccion Exitosa',	'2019-12-31 23:50:02',	'2019-12-31 22:50:02'),
(324,	'2020-01-01 00:22:08',	948732299,	1,	'erikabrp@gmail.com',	'erikabrp@gmail.com',	427209921,	542,	2,	1,	'N/A',	'N/A',	'2020-01-01 00:22:08',	'2020-01-01 01:22:08'),
(325,	'2020-01-01 02:14:09',	993007423,	1,	'graterol.saymar@gmail.com',	'graterol.saymar@gmail.com',	232325554,	613,	3,	1,	'Venta Débito.',	'Transaccion Exitosa',	'2020-01-01 02:14:09',	'2020-01-01 01:14:09'),
(326,	'2020-01-01 02:43:13',	2147483647,	1,	'magazd8400@gmail.com',	'magazd8400@gmail.com',	173923970,	543,	2,	1,	'N/A',	'N/A',	'2020-01-01 02:43:13',	'2020-01-01 03:43:13'),
(327,	'2020-01-01 03:45:53',	962301605,	1,	'magazd8400@gmail.com',	'magazd8400@gmail.com',	167365581,	545,	3,	1,	'Venta Débito.',	'Transaccion Exitosa',	'2020-01-01 03:45:53',	'2020-01-01 02:45:53'),
(328,	'2020-01-01 16:55:15',	2147483647,	1,	'angelaramirezfuentes@gmail.com',	'angelaramirezfuentes@gmail.com',	39053547,	579,	3,	1,	'Venta Débito.',	'Transaccion Exitosa',	'2020-01-01 16:55:15',	'2020-01-01 15:55:15'),
(329,	'2020-01-01 15:44:28',	2147483647,	1,	'yazmincoronel@gmail.com',	'yazmincoronel@gmail.com',	72700777,	548,	2,	1,	'N/A',	'N/A',	'2020-01-01 15:44:28',	'2020-01-01 16:44:28'),
(330,	'2020-01-01 15:45:14',	2147483647,	1,	'yazmincoronel@gmail.com',	'yazmincoronel@gmail.com',	479011656,	580,	2,	1,	'N/A',	'N/A',	'2020-01-01 15:45:14',	'2020-01-01 16:45:14'),
(331,	'2020-01-01 15:48:12',	2147483647,	1,	'yazmincoronel@gmail.com',	'yazmincoronel@gmail.com',	48453636,	581,	2,	1,	'N/A',	'N/A',	'2020-01-01 15:48:12',	'2020-01-01 16:48:12'),
(332,	'2020-01-01 16:53:50',	2147483647,	1,	'yazmincoronel@gmail.com',	'yazmincoronel@gmail.com',	379701718,	582,	3,	1,	'Venta Débito.',	'Transaccion Exitosa',	'2020-01-01 16:53:50',	'2020-01-01 15:53:50'),
(333,	'2020-01-01 15:53:06',	945263294,	1,	'arelismo@gmail.com',	'arelismo@gmail.com',	234627433,	583,	2,	1,	'N/A',	'N/A',	'2020-01-01 15:53:06',	'2020-01-01 16:53:06'),
(334,	'2020-01-01 15:58:08',	936641099,	1,	'lilianatapia@hotmail.com',	'lilianatapia@hotmail.com',	413964853,	584,	2,	1,	'N/A',	'N/A',	'2020-01-01 15:58:08',	'2020-01-01 16:58:08'),
(335,	'2020-01-01 17:04:50',	979075728,	1,	'edgaremendozag@gmail.com',	'edgaremendozag@gmail.com',	510189231,	585,	3,	1,	'Venta Débito.',	'Transaccion Exitosa',	'2020-01-01 17:04:50',	'2020-01-01 16:04:50'),
(336,	'2020-01-01 15:59:09',	967897215,	1,	'aleimigil@gmail.com',	'aleimigil@gmail.com',	451238756,	586,	2,	1,	'N/A',	'N/A',	'2020-01-01 15:59:09',	'2020-01-01 16:59:09'),
(337,	'2020-01-01 17:10:15',	930309761,	1,	'Neylac87@gmail.com',	'Neylac87@gmail.com',	398120389,	587,	5,	1,	NULL,	NULL,	'2020-01-01 17:10:15',	'2020-01-01 16:10:15'),
(338,	'2020-01-01 17:27:43',	999366298,	1,	'rosamapcl@gmail.com',	'rosamapcl@gmail.com',	986786429,	588,	3,	1,	'Venta Débito.',	'Transaccion Exitosa',	'2020-01-01 17:27:43',	'2020-01-01 16:27:43'),
(339,	'2020-01-01 17:05:49',	950205141,	1,	'genesis.rodrigueztrujillo@gmail.com',	'genesis.rodrigueztrujillo@gmail.com',	443557218,	587,	2,	1,	'N/A',	'N/A',	'2020-01-01 17:05:49',	'2020-01-01 18:05:49'),
(340,	'2020-01-01 22:10:36',	965238908,	1,	'javirvs@gmail.com',	'javirvs@gmail.com',	752104349,	614,	2,	1,	'N/A',	'N/A',	'2020-01-01 22:10:36',	'2020-01-01 23:10:36'),
(341,	'2020-01-01 23:16:28',	965238908,	1,	'javirvs@gmail.com',	'javirvs@gmail.com',	237612293,	590,	3,	1,	'Venta Normal.',	'Transaccion Exitosa',	'2020-01-01 23:16:28',	'2020-01-01 22:16:28'),
(342,	'2020-01-01 23:34:51',	955146082,	1,	'kalun3003@gmail.com',	'kalun3003@gmail.com',	38327304,	615,	5,	1,	NULL,	NULL,	'2020-01-01 23:34:51',	'2020-01-01 22:34:51'),
(343,	'2020-01-01 22:35:15',	955146082,	1,	'kalun3003@gmail.com',	'kalun3003@gmail.com',	144979508,	615,	2,	1,	'N/A',	'N/A',	'2020-01-01 22:35:15',	'2020-01-01 23:35:15'),
(344,	'2020-01-01 23:43:36',	955146082,	1,	'phoenix4102@hotmail.com',	'phoenix4102@hotmail.com',	591968653,	616,	3,	1,	'Venta Débito.',	'Transaccion Exitosa',	'2020-01-01 23:43:36',	'2020-01-01 22:43:36'),
(345,	'2020-01-02 00:51:45',	932527660,	1,	'veronica.yelismar@gmail.com',	'veronica.yelismar@gmail.com',	80064532,	567,	3,	1,	'Venta Débito.',	'Transaccion Exitosa',	'2020-01-02 00:51:45',	'2020-01-01 23:51:45'),
(346,	'2020-01-02 11:21:22',	945448068,	1,	'jeaj1965@gmail.com',	'jeaj1965@gmail.com',	953702354,	542,	3,	1,	'Venta Débito.',	'Transaccion Exitosa',	'2020-01-02 11:21:22',	'2020-01-02 10:21:22'),
(347,	'2020-01-02 15:03:51',	2147483647,	1,	'nancytaafarias@gmail.com',	'nancytaafarias@gmail.com',	739776037,	574,	2,	1,	'N/A',	'N/A',	'2020-01-02 15:03:51',	'2020-01-02 16:03:51'),
(348,	'2020-01-02 16:40:51',	947752381,	1,	'Icta2.ic@gmail.com',	'Icta2.ic@gmail.com',	687507159,	580,	3,	1,	'Venta Débito.',	'Transaccion Exitosa',	'2020-01-02 16:40:51',	'2020-01-02 15:40:51'),
(349,	'2020-01-02 20:12:44',	992328767,	1,	'maryanri@gmail.com',	'maryanri@gmail.com',	497439938,	574,	5,	1,	NULL,	NULL,	'2020-01-02 20:12:44',	'2020-01-02 19:12:44'),
(350,	'2020-01-02 20:14:55',	992328767,	1,	'maryanri@gmail.com',	'maryanri@gmail.com',	705601034,	574,	3,	1,	'Venta Prepago.',	'Transaccion Exitosa',	'2020-01-02 20:14:55',	'2020-01-02 19:14:55'),
(351,	'2020-01-03 12:50:11',	987962378,	1,	'Mechediaz51084@gmail.com',	'Mechediaz51084@gmail.com',	899694299,	581,	3,	1,	'Venta Débito.',	'Transaccion Exitosa',	'2020-01-03 12:50:11',	'2020-01-03 11:50:11'),
(352,	'2020-01-03 12:31:36',	946719846,	1,	'daniel28alexr@gmail.com',	'daniel28alexr@gmail.com',	637917092,	543,	2,	1,	'N/A',	'N/A',	'2020-01-03 12:31:36',	'2020-01-03 13:31:36'),
(353,	'2020-01-03 12:33:19',	946719846,	1,	'daniel28alexr@gmail.com',	'daniel28alexr@gmail.com',	104289818,	548,	2,	1,	'N/A',	'N/A',	'2020-01-03 12:33:19',	'2020-01-03 13:33:19'),
(354,	'2020-01-03 12:35:36',	946719846,	1,	'daniel28alexr@gmail.com',	'daniel28alexr@gmail.com',	167330341,	583,	2,	1,	'N/A',	'N/A',	'2020-01-03 12:35:36',	'2020-01-03 13:35:36'),
(355,	'2020-01-03 14:14:43',	946719846,	1,	'daniel28alexr@gmail.com',	'daniel28alexr@gmail.com',	105663114,	584,	5,	1,	NULL,	NULL,	'2020-01-03 14:14:43',	'2020-01-03 13:14:43'),
(356,	'2020-01-03 14:16:17',	946719846,	1,	'daniel28alexr@gmail.com',	'daniel28alexr@gmail.com',	881483315,	584,	3,	1,	'Venta Débito.',	'Transaccion Exitosa',	'2020-01-03 14:16:17',	'2020-01-03 13:16:17'),
(357,	'2020-01-04 00:37:11',	947752381,	1,	'Icta2.ic@gmail.com',	'Icta2.ic@gmail.com',	625141680,	586,	3,	1,	'Venta Débito.',	'Transaccion Exitosa',	'2020-01-04 00:37:11',	'2020-01-03 23:37:11'),
(358,	'2020-01-04 14:05:54',	986668375,	1,	'lisseth_fernandez@hotmail.com',	'lisseth_fernandez@hotmail.com',	502525266,	587,	3,	1,	'Venta Débito.',	'Transaccion Exitosa',	'2020-01-04 14:05:54',	'2020-01-04 13:05:54'),
(359,	'2020-01-04 14:34:15',	947752381,	1,	'Icta2.ic@gmail.com',	'Icta2.ic@gmail.com',	309160932,	591,	3,	1,	'Venta Débito.',	'Transaccion Exitosa',	'2020-01-04 14:34:15',	'2020-01-04 13:34:15'),
(360,	'2020-01-04 20:05:52',	947617767,	1,	'aleana13@gmail.com',	'aleana13@gmail.com',	807970987,	592,	2,	1,	'N/A',	'N/A',	'2020-01-04 20:05:52',	'2020-01-04 21:05:52'),
(361,	'2020-01-04 21:07:34',	947617767,	1,	'aleana13@gmail.com',	'aleana13@gmail.com',	531748105,	593,	3,	1,	'Venta Débito.',	'Transaccion Exitosa',	'2020-01-04 21:07:34',	'2020-01-04 20:07:34'),
(362,	'2020-01-05 23:04:28',	954035049,	1,	'edgarhpi@gmail.com',	'edgarhpi@gmail.com',	202791288,	594,	5,	1,	NULL,	NULL,	'2020-01-05 23:04:28',	'2020-01-05 22:04:28'),
(363,	'2020-01-05 23:05:57',	954035049,	1,	'edgarhpi@gmail.com',	'edgarhpi@gmail.com',	498718003,	594,	3,	1,	'Venta Débito.',	'Transaccion Exitosa',	'2020-01-05 23:05:57',	'2020-01-05 22:05:57'),
(364,	'2020-01-05 23:18:23',	937514015,	1,	'apineda0458@gmail.com',	'apineda0458@gmail.com',	829762653,	595,	3,	1,	'Venta Débito.',	'Transaccion Exitosa',	'2020-01-05 23:18:23',	'2020-01-05 22:18:23'),
(365,	'2020-01-05 22:17:48',	958752349,	1,	'bileidy@gmail.com',	'bileidy@gmail.com',	253047180,	596,	2,	1,	'N/A',	'N/A',	'2020-01-05 22:17:48',	'2020-01-05 23:17:48'),
(366,	'2020-01-05 23:20:59',	958752349,	1,	'bileidy@gmail.com',	'bileidy@gmail.com',	747687987,	597,	3,	1,	'Venta Débito.',	'Transaccion Exitosa',	'2020-01-05 23:20:59',	'2020-01-05 22:20:59'),
(367,	'2020-01-06 09:55:13',	965905577,	1,	'reylander.wgd@gmail.com',	'reylander.wgd@gmail.com',	332989912,	598,	2,	1,	'N/A',	'N/A',	'2020-01-06 09:55:13',	'2020-01-06 10:55:14'),
(368,	'2020-01-06 17:23:10',	930506206,	1,	'fabizambrano19@gmail.com',	'fabizambrano19@gmail.com',	185242632,	602,	5,	1,	NULL,	NULL,	'2020-01-06 17:23:10',	'2020-01-06 16:23:10'),
(369,	'2020-01-06 21:12:27',	999458114,	1,	'mcccardena@gmail.com',	'mcccardena@gmail.com',	571049328,	602,	2,	1,	'N/A',	'N/A',	'2020-01-06 21:12:27',	'2020-01-06 22:12:27'),
(370,	'2020-01-06 21:15:00',	999458114,	1,	'mcccardena@gmail.com',	'mcccardena@gmail.com',	606576125,	605,	2,	1,	'N/A',	'N/A',	'2020-01-06 21:15:00',	'2020-01-06 22:15:00'),
(371,	'2020-01-07 19:49:16',	965905577,	1,	'reylander.wgd@gmail.com',	'reylander.wgd@gmail.com',	956068763,	606,	2,	1,	'N/A',	'N/A',	'2020-01-07 19:49:16',	'2020-01-07 20:49:16'),
(372,	'2020-01-08 00:28:25',	947752381,	1,	'Icta2.ic@gmail.com',	'Icta2.ic@gmail.com',	567921962,	607,	2,	1,	'N/A',	'N/A',	'2020-01-08 00:28:25',	'2020-01-08 01:28:25'),
(373,	'2020-01-08 18:04:46',	2147483647,	1,	'ftbarbarablanco@hotmail.com',	'ftbarbarablanco@hotmail.com',	522970578,	543,	3,	1,	'Venta Débito.',	'Transaccion Exitosa',	'2020-01-08 18:04:46',	'2020-01-08 17:04:46'),
(374,	'2020-01-08 20:31:55',	978178965,	1,	'eriker.suarez@gmail.com',	'eriker.suarez@gmail.com',	180313633,	548,	3,	1,	'Venta Débito.',	'Transaccion Exitosa',	'2020-01-08 20:31:55',	'2020-01-08 19:31:55'),
(375,	'2020-01-08 23:33:55',	2147483647,	1,	'yazmincoronel@gmail.com',	'yazmincoronel@gmail.com',	22315529,	583,	2,	1,	'N/A',	'N/A',	'2020-01-08 23:33:55',	'2020-01-09 00:33:55'),
(376,	'2020-01-08 23:35:35',	2147483647,	1,	'yazmincoronel@gmail.com',	'yazmincoronel@gmail.com',	447601593,	592,	2,	1,	'N/A',	'N/A',	'2020-01-08 23:35:35',	'2020-01-09 00:35:35'),
(377,	'2020-01-08 23:36:32',	2147483647,	1,	'yazmincoronel@gmail.com',	'yazmincoronel@gmail.com',	270770956,	596,	2,	1,	'N/A',	'N/A',	'2020-01-08 23:36:32',	'2020-01-09 00:36:32'),
(378,	'2020-01-08 23:37:51',	2147483647,	1,	'yazmincoronel@gmail.com',	'yazmincoronel@gmail.com',	717152111,	598,	2,	1,	'N/A',	'N/A',	'2020-01-08 23:37:51',	'2020-01-09 00:37:51'),
(379,	'2020-01-13 00:15:52',	965905577,	1,	'r.gamez@digitalmarkrgd.com',	'r.gamez@digitalmarkrgd.com',	854617633,	624,	5,	1,	'N/A',	'No se recibió ninguna respuesta por parte de webpay o el cliente no finalizó la compra.',	'2020-01-10 00:15:14',	'2020-01-09 17:01:02'),
(380,	'2020-01-13 00:19:23',	986093950,	1,	'gabrielaandrea0912@gmail.com',	'gabrielaandrea0912@gmail.com',	143601386,	602,	5,	1,	'N/A',	'No se recibió ninguna respuesta por parte de webpay o el cliente no finalizó la compra.',	'2020-01-10 00:03:43',	'2020-01-09 21:28:35'),
(381,	'2020-01-09 22:18:23',	2147483647,	1,	'yazmincoronel@gmail.com',	'yazmincoronel@gmail.com',	68781669,	583,	3,	1,	'Venta Débito.',	'Transaccion Exitosa',	'2020-01-09 22:18:23',	'2020-01-09 21:18:23'),
(382,	'2020-01-13 00:25:07',	999458114,	1,	'mcccardena@gmail.com',	'mcccardena@gmail.com',	465977053,	624,	5,	1,	'N/A',	'No se recibió ninguna respuesta por parte de webpay o el cliente no finalizó la compra.',	'2020-01-10 00:21:28',	'2020-01-10 00:37:29'),
(383,	'2020-01-13 00:25:34',	999458114,	1,	'mcccardena@gmail.com',	'mcccardena@gmail.com',	225460308,	624,	5,	1,	'N/A',	'No se recibió ninguna respuesta por parte de webpay o el cliente no finalizó la compra.',	'2020-01-10 00:22:56',	'2020-01-10 01:33:20'),
(384,	'2020-01-13 00:26:26',	999458114,	1,	'mcccardena@gmail.com',	'mcccardena@gmail.com',	743001652,	625,	5,	1,	'N/A',	'No se recibió ninguna respuesta por parte de webpay o el cliente no finalizó la compra.',	'2020-01-10 00:23:23',	'2020-01-10 03:04:44'),
(385,	'2020-01-13 00:26:08',	999458114,	1,	'mcccardena@gmail.com',	'mcccardena@gmail.com',	886974544,	626,	5,	1,	'N/A',	'No se recibió ninguna respuesta por parte de webpay o el cliente no finalizó la compra.',	'2020-01-10 00:23:43',	'2020-01-10 03:05:53'),
(386,	'2020-01-10 03:57:04',	999458114,	1,	'mcccardena@gmail.com',	'mcccardena@gmail.com',	544619375,	627,	5,	1,	'Venta Prepago.',	'Transacción debe reintentarse.',	'2020-01-10 03:57:04',	'2020-01-10 02:57:04'),
(387,	'2020-01-13 00:24:34',	999458114,	1,	'mcccardena@gmail.com',	'mcccardena@gmail.com',	184254804,	627,	5,	1,	'N/A',	'N/A',	'2020-01-09 23:47:18',	'2020-01-10 00:07:18'),
(388,	'2020-01-10 16:36:43',	947752381,	1,	'Icta2.ic@gmail.com',	'Icta2.ic@gmail.com',	905087250,	592,	5,	1,	NULL,	NULL,	'2020-01-10 16:36:43',	'2020-01-10 15:36:43'),
(389,	'2020-01-10 16:39:21',	947752381,	1,	'Icta2.ic@gmail.com',	'Icta2.ic@gmail.com',	774666029,	592,	3,	1,	'Venta Débito.',	'Transaccion Exitosa',	'2020-01-10 16:39:21',	'2020-01-10 15:39:21'),
(390,	'2020-01-10 21:23:44',	988001888,	1,	'mariapderiera@gmail.com',	'mariapderiera@gmail.com',	367037833,	602,	3,	1,	'Venta Débito.',	'Transaccion Exitosa',	'2020-01-10 21:23:44',	'2020-01-10 20:23:44'),
(391,	'2020-01-13 14:40:01',	0,	1,	'ing.jesusuzcateguii@gmail.com',	'ing.jesusuzcateguii@gmail.com',	992387318,	624,	5,	1,	'N/A',	'No se recibió ninguna respuesta por parte de webpay o el cliente no finalizó la compra.',	'2020-01-13 13:38:25',	'2020-01-13 13:58:25'),
(392,	'2020-01-13 15:05:01',	8978,	1,	'ing.jesusuzcateguii@gmail.com',	'ing.jesusuzcateguii@gmail.com',	420289225,	624,	5,	1,	'N/A',	'No se recibió ninguna respuesta por parte de webpay o el cliente no finalizó la compra.',	'2020-01-13 14:01:09',	'2020-01-13 14:21:09'),
(393,	'2020-01-13 15:35:01',	947752381,	1,	'Icta2.ic@gmail.com',	'Icta2.ic@gmail.com',	195294950,	596,	5,	1,	'N/A',	'No se recibió ninguna respuesta por parte de webpay o el cliente no finalizó la compra.',	'2020-01-13 14:34:49',	'2020-01-13 14:54:49'),
(394,	'2020-01-13 15:37:51',	947752381,	1,	'Icta2.ic@gmail.com',	'Icta2.ic@gmail.com',	962253191,	596,	3,	1,	'Venta Débito.',	'Transaccion Exitosa',	'2020-01-13 14:36:00',	'2020-01-13 15:37:51'),
(395,	'2020-01-14 13:35:01',	965905577,	1,	'reylander.wgd@gmail.com',	'reylander.wgd@gmail.com',	416151688,	528,	5,	1,	'N/A',	'No se recibió ninguna respuesta por parte de webpay o el cliente no finalizó la compra.',	'2020-01-14 12:30:56',	'2020-01-14 12:50:56'),
(396,	'2020-01-15 15:40:01',	965905577,	1,	'reylander.wgd@gmail.com',	'reylander.wgd@gmail.com',	310497801,	528,	5,	1,	'N/A',	'No se recibió ninguna respuesta por parte de webpay o el cliente no finalizó la compra.',	'2020-01-15 14:37:30',	'2020-01-15 14:57:30'),
(397,	'2020-01-16 13:55:01',	940614237,	1,	'minerva.servita@gmail.com',	'minerva.servita@gmail.com',	178876268,	528,	5,	1,	'N/A',	'No se recibió ninguna respuesta por parte de webpay o el cliente no finalizó la compra.',	'2020-01-16 12:50:02',	'2020-01-16 13:10:02'),
(398,	'2020-01-16 14:11:45',	940614237,	1,	'minerva.servita@gmail.com',	'minerva.servita@gmail.com',	274706800,	528,	3,	1,	'Venta Débito.',	'Transaccion Exitosa',	'2020-01-16 13:10:07',	'2020-01-16 14:11:45'),
(399,	'2020-01-16 14:30:01',	947551376,	1,	'esrichard2@gmail.com',	'esrichard2@gmail.com',	728206047,	598,	5,	1,	'N/A',	'No se recibió ninguna respuesta por parte de webpay o el cliente no finalizó la compra.',	'2020-01-16 13:27:26',	'2020-01-16 13:47:26'),
(400,	'2020-01-16 14:55:02',	947551376,	1,	'esrichard2@gmail.com',	'esrichard2@gmail.com',	486549858,	598,	5,	1,	'N/A',	'No se recibió ninguna respuesta por parte de webpay o el cliente no finalizó la compra.',	'2020-01-16 13:51:55',	'2020-01-16 14:11:55'),
(401,	'2020-01-16 17:05:02',	2147483647,	1,	'oropezaleal@gmail.com',	'oropezaleal@gmail.com',	491109679,	598,	5,	1,	'N/A',	'No se recibió ninguna respuesta por parte de webpay o el cliente no finalizó la compra.',	'2020-01-16 16:03:07',	'2020-01-16 16:23:07'),
(402,	'2020-01-16 17:04:21',	933278460,	1,	'oropezaleal@gmail.com',	'oropezaleal@gmail.com',	186868531,	674,	5,	1,	NULL,	NULL,	'2020-01-16 16:03:15',	'2020-01-16 17:04:21'),
(403,	'2020-01-16 17:05:59',	933278460,	1,	'oropezaleal@gmail.com',	'oropezaleal@gmail.com',	348161189,	598,	3,	1,	'Venta Débito.',	'Transaccion Exitosa',	'2020-01-16 16:05:05',	'2020-01-16 17:05:59'),
(404,	'2020-01-17 15:10:01',	987576884,	1,	'gatoalarcon@hotmail.com',	'gatoalarcon@hotmail.com',	801816110,	529,	5,	1,	'N/A',	'No se recibió ninguna respuesta por parte de webpay o el cliente no finalizó la compra.',	'2020-01-17 14:08:04',	'2020-01-17 14:28:04'),
(405,	'2020-01-17 15:23:15',	987576884,	1,	'jorgedouglasalarcon@gmail.com',	'jorgedouglasalarcon@gmail.com',	466381059,	529,	5,	1,	'Venta Débito.',	'Transacción debe reintentarse.',	'2020-01-17 14:14:16',	'2020-01-17 15:23:15'),
(406,	'2020-01-17 15:55:45',	987576884,	1,	'jorgedouglasalarcon@gmail.com',	'jorgedouglasalarcon@gmail.com',	91023026,	529,	5,	1,	'Venta Débito.',	'Transacción debe reintentarse.',	'2020-01-17 14:48:43',	'2020-01-17 15:55:45'),
(407,	'2020-01-18 00:00:01',	934072624,	1,	'roxanarivra@gmail.com',	'roxanarivra@gmail.com',	331529949,	674,	5,	1,	'N/A',	'No se recibió ninguna respuesta por parte de webpay o el cliente no finalizó la compra.',	'2020-01-17 22:55:59',	'2020-01-17 23:15:59'),
(408,	'2020-01-18 00:05:01',	934072624,	1,	'roxanarivra@gmail.com',	'roxanarivra@gmail.com',	773417830,	674,	5,	1,	'N/A',	'No se recibió ninguna respuesta por parte de webpay o el cliente no finalizó la compra.',	'2020-01-17 23:01:28',	'2020-01-17 23:21:28'),
(409,	'2020-01-18 00:05:01',	934072624,	1,	'roxanarivra@gmail.com',	'roxanarivra@gmail.com',	394807279,	675,	5,	1,	'N/A',	'No se recibió ninguna respuesta por parte de webpay o el cliente no finalizó la compra.',	'2020-01-17 23:02:13',	'2020-01-17 23:22:13'),
(410,	'2020-01-18 00:15:01',	990530202,	1,	'auramfebles15@gmail.com',	'auramfebles15@gmail.com',	61370972,	529,	5,	1,	'N/A',	'No se recibió ninguna respuesta por parte de webpay o el cliente no finalizó la compra.',	'2020-01-17 23:10:10',	'2020-01-17 23:30:10'),
(411,	'2020-01-18 00:15:01',	934072624,	1,	'roxanarivra@gmail.com',	'roxanarivra@gmail.com',	677368013,	674,	5,	1,	'N/A',	'No se recibió ninguna respuesta por parte de webpay o el cliente no finalizó la compra.',	'2020-01-17 23:11:26',	'2020-01-17 23:31:26'),
(412,	'2020-01-18 00:18:09',	990530202,	1,	'auramfebles15@gmail.com',	'auramfebles15@gmail.com',	13989043,	529,	3,	1,	'Venta Débito.',	'Transaccion Exitosa',	'2020-01-17 23:16:39',	'2020-01-18 00:18:09'),
(413,	'2020-01-18 14:08:42',	935288030,	1,	'evagodoy0604@gmail.com',	'evagodoy0604@gmail.com',	318119249,	539,	3,	1,	'Venta Débito.',	'Transaccion Exitosa',	'2020-01-18 13:07:21',	'2020-01-18 14:08:42'),
(414,	'2020-01-18 22:24:20',	964657748,	1,	'alberthgarcia49@gmail.com',	'alberthgarcia49@gmail.com',	627335294,	540,	3,	1,	'Venta Débito.',	'Transaccion Exitosa',	'2020-01-18 21:21:16',	'2020-01-18 22:24:20'),
(415,	'2020-01-19 01:23:33',	964451966,	1,	'angelsolorzanod@gmail.com',	'angelsolorzanod@gmail.com',	501829448,	541,	3,	1,	'Venta Débito.',	'Transaccion Exitosa',	'2020-01-19 00:20:55',	'2020-01-19 01:23:33'),
(416,	'2020-01-19 16:23:15',	940614237,	1,	'minerva.servita@gmail.com',	'minerva.servita@gmail.com',	690563429,	605,	3,	1,	'Venta Débito.',	'Transaccion Exitosa',	'2020-01-19 15:18:00',	'2020-01-19 16:23:15'),
(417,	'2020-01-20 00:43:48',	964451966,	1,	'angelsolorzanod@gmail.com',	'angelsolorzanod@gmail.com',	574010847,	624,	3,	1,	'Venta Débito.',	'Transaccion Exitosa',	'2020-01-19 23:41:30',	'2020-01-20 00:43:48'),
(418,	'2020-01-20 12:40:01',	966719534,	1,	'cuneno26@gmail.com',	'cuneno26@gmail.com',	714340946,	674,	5,	1,	'N/A',	'No se recibió ninguna respuesta por parte de webpay o el cliente no finalizó la compra.',	'2020-01-20 11:39:39',	'2020-01-20 11:59:39'),
(419,	'2020-01-20 16:28:05',	966719534,	1,	'cuneno26@gmail.com',	'cuneno26@gmail.com',	752303767,	674,	3,	1,	'Venta Débito.',	'Transaccion Exitosa',	'2020-01-20 15:26:29',	'2020-01-20 16:28:05'),
(420,	'2020-01-20 19:03:15',	947752381,	1,	'Icta2.ic@gmail.com',	'Icta2.ic@gmail.com',	657164665,	625,	5,	1,	NULL,	NULL,	'2020-01-20 18:02:16',	'2020-01-20 19:03:15'),
(421,	'2020-01-20 19:05:17',	947752381,	1,	'Icta2.ic@gmail.com',	'Icta2.ic@gmail.com',	182874189,	625,	3,	1,	'Venta Débito.',	'Transaccion Exitosa',	'2020-01-20 18:03:31',	'2020-01-20 19:05:17'),
(422,	'2020-01-21 00:19:16',	2147483647,	1,	'reinaldorauseop@gmail.com',	'reinaldorauseop@gmail.com',	984744550,	626,	3,	1,	'Venta Débito.',	'Transaccion Exitosa',	'2020-01-20 23:16:04',	'2020-01-21 00:19:16'),
(423,	'2020-01-21 11:21:01',	987962378,	1,	'Mechediaz51084@gmail.com',	'Mechediaz51084@gmail.com',	584115017,	675,	3,	1,	'Venta Débito.',	'Transaccion Exitosa',	'2020-01-21 10:19:29',	'2020-01-21 11:21:01'),
(424,	'2020-01-21 20:20:01',	936304135,	1,	'vcdelgado26@gmail.com',	'vcdelgado26@gmail.com',	652454644,	676,	5,	1,	'N/A',	'No se recibió ninguna respuesta por parte de webpay o el cliente no finalizó la compra.',	'2020-01-21 19:18:45',	'2020-01-21 19:38:45'),
(425,	'2020-01-21 20:25:01',	936304135,	1,	'vcdelgado26@gmail.com',	'vcdelgado26@gmail.com',	266677980,	676,	5,	1,	'N/A',	'No se recibió ninguna respuesta por parte de webpay o el cliente no finalizó la compra.',	'2020-01-21 19:20:24',	'2020-01-21 19:40:24'),
(426,	'2020-01-21 21:30:01',	948795798,	1,	'liceth94@hotmail.com',	'liceth94@hotmail.com',	771478879,	627,	5,	1,	'N/A',	'No se recibió ninguna respuesta por parte de webpay o el cliente no finalizó la compra.',	'2020-01-21 20:29:59',	'2020-01-21 20:49:59'),
(427,	'2020-01-21 21:33:01',	948795798,	1,	'liceth94@hotmail.com',	'liceth94@hotmail.com',	460421414,	606,	3,	1,	'Venta Débito.',	'Transaccion Exitosa',	'2020-01-21 20:31:07',	'2020-01-21 21:33:01'),
(428,	'2020-01-22 02:56:48',	949602079,	1,	'alexeis3@gmail.com',	'alexeis3@gmail.com',	195254339,	607,	5,	1,	NULL,	NULL,	'2020-01-22 01:55:38',	'2020-01-22 02:56:48'),
(429,	'2020-01-22 12:43:34',	936304135,	1,	'vcdelgado26@gmail.com',	'vcdelgado26@gmail.com',	847676065,	676,	3,	1,	'Venta Débito.',	'Transaccion Exitosa',	'2020-01-22 11:42:12',	'2020-01-22 12:43:34'),
(430,	'2020-01-22 22:54:39',	2147483647,	1,	'yazmincoronel@gmail.com',	'yazmincoronel@gmail.com',	539032848,	677,	3,	1,	'Venta Débito.',	'Transaccion Exitosa',	'2020-01-22 21:52:45',	'2020-01-22 22:54:39'),
(431,	'2020-01-24 23:25:31',	947752381,	1,	'Icta2.ic@gmail.com',	'Icta2.ic@gmail.com',	300824473,	627,	3,	1,	'Venta Débito.',	'Transaccion Exitosa',	'2020-01-24 22:22:27',	'2020-01-24 23:25:31'),
(432,	'2020-01-25 19:21:26',	990673158,	1,	'estudianteveliz@gmail.com',	'estudianteveliz@gmail.com',	969530377,	628,	3,	1,	'Venta Prepago.',	'Transaccion Exitosa',	'2020-01-25 18:19:44',	'2020-01-25 19:21:26')
ON DUPLICATE KEY UPDATE `id` = VALUES(`id`), `fecha` = VALUES(`fecha`), `telefono` = VALUES(`telefono`), `id_usu` = VALUES(`id_usu`), `correo` = VALUES(`correo`), `correo_cliente` = VALUES(`correo_cliente`), `id_operacion` = VALUES(`id_operacion`), `id_targeta` = VALUES(`id_targeta`), `estado` = VALUES(`estado`), `id_estatus` = VALUES(`id_estatus`), `tipo_venta` = VALUES(`tipo_venta`), `mensaje_webpay` = VALUES(`mensaje_webpay`), `inicio` = VALUES(`inicio`), `fin` = VALUES(`fin`);

-- 2020-01-26 14:27:27